,학교명,시군구,한부모가족지원법수급자_재가보호_가구원수,국민기초생활보장법수급자_가구원수,소득인식수준_중간소득,소득인식수준_고소득,성인게임장수,사건종별가정폭력,사건종별데이트폭력,월평균소득금액(백만),다문화가족,환경지표_score,환경지표_cluster,환경지표_학교폭력위험도,교실안,신체폭력,집단따돌림,쉬는시간,500m_inner_Harmful_dept,위해지표_score,위해지표_cluster,위해지표_학교폭력위험도,평균 교육 시간(1학급당),500m_inner_police_dept,500m_inner_cctv,경감지표_score,경감지표_cluster,경감지표_학교폭력위험도,total_score,종합_위험도
0,가락고등학교,송파구,10.58790749512399,41.94498203971595,61.9,21.3,10.0,4.6116942204603815,0.6739813092557589,39.69562,1.6667417451236544,48.71522932797662,3,매우낮음,1.0,0.0,1.0,0.0,0,20,5,안전,147.75,0,102,-20,0,매우 안전하지 않음,22.009758025979476,안전
1,가재울고등학교,서대문구,16.758590757748077,47.709712062700575,46.9,20.2,5.0,3.5015530204069782,0.5042361113311095,39.43923,1.7417051293216057,46.19379882574886,2,보통,0.0,0.0,0.0,0.0,0,100,1,매우 위험,100.0,0,137,-20,0,매우 안전하지 않음,41.95342124197851,위험
2,강동고등학교,강동구,14.148759196693478,48.66315663105181,52.6,19.8,15.0,4.690014354443052,0.769964042143294,33.3621,1.3340944911205153,55.14826653218568,2,보통,0.0,0.0,1.0,1.0,0,60,2,주의,30.65,0,51,-20,0,매우 안전하지 않음,35.50411264562896,위험
3,강서고등학교,양천구,15.982703163465317,58.27027195013396,62.8,13.5,6.0,4.280518811753725,0.4125165284088848,35.63309,2.47819510154163,65.10383413720601,2,보통,0.0,0.0,0.0,0.0,0,100,1,매우 위험,237.3,1,299,-100,1,매우 안전,28.336669629046675,보통
4,강서공업고등학교,강서구,20.076996315767687,67.13030039602047,62.7,17.2,15.0,5.099762909135696,1.060769135240303,31.65221,2.591577629296631,77.83118571908382,1,매우높음,0.6666666666666666,0.0,0.3333333333333333,1.0,1,40,4,보통,187.5,1,98,-40,3,안전하지 않음,35.04614573199677,보통
5,강일고등학교,강동구,14.148759196693478,48.66315663105181,52.6,19.8,15.0,4.690014354443052,0.769964042143294,33.3621,1.3340944911205153,55.14826653218568,2,보통,0.0,0.0,0.0,0.0,0,100,1,매우 위험,325.0,1,30,-80,2,안전,29.34723264562896,보통
6,개포고등학교,강남구,6.136110078095947,30.717738936407585,44.9,34.7,2.0,2.146930105566124,1.1605925374984505,47.99007,1.3306654312834516,19.071216500868555,3,매우낮음,0.5,0.0,0.5,0.5,1,40,4,보통,126.4,0,136,-20,0,매우 안전하지 않음,13.712003905190665,매우안전
7,건국대학교사범대학부속고등학교,광진구,16.50469192659666,57.36940166237979,53.1,23.0,7.0,3.966529015431428,0.9240169735537362,30.66952,2.4994566398609,60.19373183370286,2,보통,0.5,0.5,0.0,0.0,1,0,0,매우 안전,0.1,1,158,-40,3,안전하지 않음,16.421938570206187,매우안전
8,경기고등학교,강남구,6.136110078095947,30.717738936407585,44.9,34.7,2.0,2.146930105566124,1.1605925374984505,47.99007,1.3306654312834516,19.071216500868555,3,매우낮음,0.6666666666666666,0.6666666666666666,0.3333333333333333,0.6666666666666666,0,0,0,매우 안전,38.1,2,185,-100,1,매우 안전,-19.111596094809343,매우안전
9,경기기계공업고등학교,노원구,15.516190047111737,82.9601550453834,45.7,18.5,9.0,4.978838358065423,0.4968158473574574,31.93595,2.2483718251221445,73.82736650264715,2,보통,0.5,0.0,0.0,1.0,0,40,4,보통,49.4,0,86,-20,0,매우 안전하지 않음,38.78166913430498,위험
10,경기상업고등학교,종로구,17.296425622118615,27.635266501505303,38.2,53.5,17.0,0.997552178228088,0.321508329233199,23.05023333333333,6.249166777762965,32.34150469437501,0,낮음,0.0,0.0,0.0,1.0,0,40,4,보통,227.5,0,43,-20,0,매우 안전하지 않음,19.787699192282048,안전
11,경기여자고등학교,강남구,6.136110078095947,30.717738936407585,44.9,34.7,2.0,2.146930105566124,1.1605925374984505,47.99007,1.3306654312834516,19.071216500868555,3,매우낮음,1.0,0.0,0.0,1.0,0,40,4,보통,200.0,0,118,-20,0,매우 안전하지 않음,13.712003905190665,매우안전
12,경동고등학교,성북구,15.267799937292963,53.43729978052538,49.3,38.8,12.0,2.114308650138409,0.2366660456549628,31.817815,1.910839616861492,50.47278696655239,2,보통,0.0,0.0,0.0,0.0,2,100,1,매우 위험,357.6,1,159,-80,2,안전,27.20660173034028,보통
13,경문고등학교,동작구,9.306123276972544,37.65556693815866,53.1,17.0,4.0,3.170830372029197,0.4775621845131231,34.36506,1.9108792726590047,41.2546940816567,2,보통,0.0,0.0,0.0,0.0,3,100,1,매우 위험,44.6,0,281,-60,4,보통,28.55481164773387,보통
14,경복고등학교,종로구,17.296425622118615,27.635266501505303,38.2,53.5,17.0,0.997552178228088,0.321508329233199,23.05023333333333,6.249166777762965,32.34150469437501,0,낮음,0.0,1.0,1.0,1.0,0,0,0,매우 안전,532.8,1,58,-80,2,안전,-7.467260807717956,매우안전
15,경복비즈니스고등학교,강서구,20.076996315767687,67.13030039602047,62.7,17.2,15.0,5.099762909135696,1.060769135240303,31.65221,2.591577629296631,77.83118571908382,1,매우높음,0.0,0.0,0.0,0.0,2,100,1,매우 위험,235.0,1,79,-40,3,안전하지 않음,50.86970573199677,매우위험
16,경복여자고등학교,강서구,20.076996315767687,67.13030039602047,62.7,17.2,15.0,5.099762909135696,1.060769135240303,31.65221,2.591577629296631,77.83118571908382,1,매우높음,0.0,0.0,0.0,0.0,2,100,1,매우 위험,200.0,1,70,-40,3,안전하지 않음,50.86970573199677,매우위험
17,경성고등학교,마포구,12.781037587869635,35.38551728872998,53.7,29.8,2.0,3.686419392996614,0.9088444428013358,40.22976,1.875039063313819,36.21928010941029,3,매우낮음,0.0,0.0,0.0,0.0,3,100,1,매우 위험,540.0,0,148,-80,2,안전,20.680747643852637,안전
18,경신고등학교,종로구,17.296425622118615,27.635266501505303,38.2,53.5,17.0,0.997552178228088,0.321508329233199,23.05023333333333,6.249166777762965,32.34150469437501,0,낮음,1.0,0.0,1.0,1.0,0,20,5,안전,269.2,2,188,-100,1,매우 안전,-7.761380807717956,매우안전
19,경인고등학교,구로구,15.83709870050313,51.975126020091984,51.1,26.5,49.0,4.514844411515665,0.5302776676330382,28.90323,7.541278577476715,70.97225945894482,4,높음,0.0,0.0,0.0,0.0,1,100,1,매우 위험,7.05,0,95,-20,0,매우 안전하지 않음,53.29804121520222,매우위험
20,경일고등학교,성동구,11.548764487207524,37.51640061228952,47.1,33.3,15.0,2.795477403730747,0.5837023471098476,35.35332,1.91429430907649,38.34684585486745,3,매우낮음,0.5,0.5,0.5,0.5,0,0,0,매우 안전,50.0,0,295,-60,4,보통,0.8508765998842271,매우안전
21,경희고등학교,동대문구,17.442884496286997,53.49340636239155,46.3,22.0,16.0,4.093671836552462,0.90907541348727,30.11303,3.3485030669244,58.57481779644922,2,보통,1.0,0.0,1.0,1.0,3,20,5,안전,91.65,1,186,-40,3,안전하지 않음,20.955251729561905,안전
22,경희여자고등학교,동대문구,17.442884496286997,53.49340636239155,46.3,22.0,16.0,4.093671836552462,0.90907541348727,30.11303,3.3485030669244,58.57481779644922,2,보통,0.0,0.0,0.0,0.0,3,100,1,매우 위험,71.85,1,186,-40,3,안전하지 않음,42.053331729561904,위험
23,계성고등학교,성북구,15.267799937292963,53.43729978052538,49.3,38.8,12.0,2.114308650138409,0.2366660456549628,31.817815,1.910839616861492,50.47278696655239,2,보통,0.0,0.0,0.0,0.0,0,100,1,매우 위험,56.0,1,130,-40,3,안전하지 않음,38.343881730340286,위험
24,고려대학교사범대학부속고등학교,성북구,15.267799937292963,53.43729978052538,49.3,38.8,12.0,2.114308650138409,0.2366660456549628,31.817815,1.910839616861492,50.47278696655239,2,보통,0.0,0.0,1.0,0.0,0,60,2,주의,250.0,0,152,-20,0,매우 안전하지 않음,33.36348173034028,보통
25,고명외식고등학교,성북구,15.267799937292963,53.43729978052538,49.3,38.8,12.0,2.114308650138409,0.2366660456549628,31.817815,1.910839616861492,50.47278696655239,2,보통,1.0,1.0,0.0,1.0,8,0,0,매우 안전,104.15,0,230,-60,4,보통,6.402641730340282,매우안전
26,고척고등학교,구로구,15.83709870050313,51.975126020091984,51.1,26.5,49.0,4.514844411515665,0.5302776676330382,28.90323,7.541278577476715,70.97225945894482,4,높음,0.0,0.0,0.0,0.0,0,100,1,매우 위험,78.19999999999999,0,248,-60,4,보통,42.16076121520222,위험
27,공항고등학교,강서구,20.076996315767687,67.13030039602047,62.7,17.2,15.0,5.099762909135696,1.060769135240303,31.65221,2.591577629296631,77.83118571908382,1,매우높음,0.5,0.0,0.0,1.0,1,40,4,보통,160.0,0,117,-20,0,매우 안전하지 않음,40.614785731996776,위험
28,관악고등학교,영등포구,9.553313977271594,25.866283536372432,39.2,40.5,17.0,3.276145648075097,0.6381347674113096,35.48012,3.242715590441678,25.401158874725976,3,매우낮음,0.5,0.0,0.0,0.0,0,100,1,매우 위험,90.0,0,78,-20,0,매우 안전하지 않음,32.43367738152229,보통
29,광남고등학교,광진구,16.50469192659666,57.36940166237979,53.1,23.0,7.0,3.966529015431428,0.9240169735537362,30.66952,2.4994566398609,60.19373183370286,2,보통,0.5,0.5,0.0,0.5,1,0,0,매우 안전,102.3,1,86,-40,3,안전하지 않음,16.421938570206187,매우안전
30,광문고등학교,강동구,14.148759196693478,48.66315663105181,52.6,19.8,15.0,4.690014354443052,0.769964042143294,33.3621,1.3340944911205153,55.14826653218568,2,보통,0.0,0.0,0.0,0.0,0,100,1,매우 위험,1.2000000000000002,0,135,-20,0,매우 안전하지 않음,46.05315264562896,매우위험
31,광성고등학교,마포구,12.781037587869635,35.38551728872998,53.7,29.8,2.0,3.686419392996614,0.9088444428013358,40.22976,1.875039063313819,36.21928010941029,3,매우낮음,0.0,0.0,0.0,0.0,6,100,1,매우 위험,150.0,0,140,-20,0,매우 안전하지 않음,37.38666764385263,위험
32,광신고등학교,관악구,13.034363868983618,52.35769818339811,58.0,20.0,64.0,3.023201664450904,1.1496001927457389,27.82525,3.560242457017959,77.86743315829996,4,높음,0.0,0.0,0.0,0.0,0,100,1,매우 위험,236.7,0,138,-20,0,매우 안전하지 않음,56.454941332062376,매우위험
33,광신방송예술고등학교,관악구,13.034363868983618,52.35769818339811,58.0,20.0,64.0,3.023201664450904,1.1496001927457389,27.82525,3.560242457017959,77.86743315829996,4,높음,0.0,0.0,0.0,0.0,0,100,1,매우 위험,100.0,0,138,-20,0,매우 안전하지 않음,56.454941332062376,매우위험
34,광양고등학교,광진구,16.50469192659666,57.36940166237979,53.1,23.0,7.0,3.966529015431428,0.9240169735537362,30.66952,2.4994566398609,60.19373183370286,2,보통,0.5,0.0,0.0,0.0,0,100,1,매우 위험,106.5,0,205,-60,4,보통,37.22589857020619,위험
35,광영고등학교,양천구,15.982703163465317,58.27027195013396,62.8,13.5,6.0,4.280518811753725,0.4125165284088848,35.63309,2.47819510154163,65.10383413720601,2,보통,0.0,0.0,0.0,0.0,0,100,1,매우 위험,450.0,0,109,-80,2,안전,33.90530962904668,보통
36,광영여자고등학교,양천구,15.982703163465317,58.27027195013396,62.8,13.5,6.0,4.280518811753725,0.4125165284088848,35.63309,2.47819510154163,65.10383413720601,2,보통,0.0,0.0,0.0,1.0,0,40,4,보통,528.55,0,109,-80,2,안전,18.08174962904668,안전
37,광운인공지능고등학교,노원구,15.516190047111737,82.9601550453834,45.7,18.5,9.0,4.978838358065423,0.4968158473574574,31.93595,2.2483718251221445,73.82736650264715,2,보통,0.5,0.5,0.0,0.5,0,0,0,매우 안전,170.0,0,170,-60,4,보통,17.095349134304982,안전
38,구로고등학교,구로구,15.83709870050313,51.975126020091984,51.1,26.5,49.0,4.514844411515665,0.5302776676330382,28.90323,7.541278577476715,70.97225945894482,4,높음,0.0,0.0,0.0,0.0,6,100,1,매우 위험,40.9,0,231,-60,4,보통,42.16076121520222,위험
39,구암고등학교,관악구,13.034363868983618,52.35769818339811,58.0,20.0,64.0,3.023201664450904,1.1496001927457389,27.82525,3.560242457017959,77.86743315829996,4,높음,0.0,0.0,0.0,0.0,1,100,1,매우 위험,28.25,0,86,-20,0,매우 안전하지 않음,56.454941332062376,매우위험
40,구일고등학교,구로구,15.83709870050313,51.975126020091984,51.1,26.5,49.0,4.514844411515665,0.5302776676330382,28.90323,7.541278577476715,70.97225945894482,4,높음,0.0,0.0,0.0,0.0,0,100,1,매우 위험,28.3,0,76,-20,0,매우 안전하지 않음,53.29804121520222,매우위험
41,구현고등학교,구로구,15.83709870050313,51.975126020091984,51.1,26.5,49.0,4.514844411515665,0.5302776676330382,28.90323,7.541278577476715,70.97225945894482,4,높음,0.0,0.0,0.0,0.0,1,100,1,매우 위험,800.0,0,62,-80,2,안전,36.59212121520222,위험
42,국립국악고등학교,강남구,6.136110078095947,30.717738936407585,44.9,34.7,2.0,2.146930105566124,1.1605925374984505,47.99007,1.3306654312834516,19.071216500868555,3,매우낮음,0.0,0.0,0.0,0.0,2,100,1,매우 위험,113.0,1,316,-100,1,매우 안전,7.2610039051906625,매우안전
43,국립전통예술고등학교,금천구,25.15404812753429,76.48300672544111,61.0,18.2,15.0,6.339795201893295,1.0889198323607918,25.6777,5.34627845556708,90.22911414798968,1,매우높음,1.0,0.0,0.0,1.0,1,40,4,보통,41.7,0,243,-60,4,보통,35.1537980797439,위험
44,금옥여자고등학교,양천구,15.982703163465317,58.27027195013396,62.8,13.5,6.0,4.280518811753725,0.4125165284088848,35.63309,2.47819510154163,65.10383413720601,2,보통,0.0,0.0,0.0,0.0,0,100,1,매우 위험,75.0,0,109,-20,0,매우 안전하지 않음,50.61122962904668,매우위험
45,금천고등학교,금천구,25.15404812753429,76.48300672544111,61.0,18.2,15.0,6.339795201893295,1.0889198323607918,25.6777,5.34627845556708,90.22911414798968,1,매우높음,0.0,0.0,0.0,0.0,2,100,1,매우 위험,159.5,0,188,-60,4,보통,50.9773580797439,매우위험
46,금호고등학교,성동구,11.548764487207524,37.51640061228952,47.1,33.3,15.0,2.795477403730747,0.5837023471098476,35.35332,1.91429430907649,38.34684585486745,3,매우낮음,0.0,0.0,0.0,0.0,0,100,1,매우 위험,66.75,1,226,-100,1,매우 안전,16.086196599884225,매우안전
47,남강고등학교,관악구,13.034363868983618,52.35769818339811,58.0,20.0,64.0,3.023201664450904,1.1496001927457389,27.82525,3.560242457017959,77.86743315829996,4,높음,1.0,0.0,0.0,1.0,0,40,4,보통,72.6,0,404,-60,4,보통,29.494101332062375,보통
48,노원고등학교,노원구,15.516190047111737,82.9601550453834,45.7,18.5,9.0,4.978838358065423,0.4968158473574574,31.93595,2.2483718251221445,73.82736650264715,2,보통,0.0,0.5,0.0,0.0,0,0,0,매우 안전,2.9000000000000004,0,49,-20,0,매우 안전하지 않음,28.23262913430498,보통
49,누원고등학교,도봉구,27.773168051150225,85.26080789547018,56.2,29.7,16.0,5.916945070096262,0.8401879098525338,27.13315,1.5071463857792364,89.94662719895763,1,매우높음,0.0,0.0,0.0,0.0,1,100,1,매우 위험,179.5,1,59,-40,3,안전하지 않음,56.41666369002516,매우위험
50,단국대학교부속소프트웨어고등학교,강남구,6.136110078095947,30.717738936407585,44.9,34.7,2.0,2.146930105566124,1.1605925374984505,47.99007,1.3306654312834516,19.071216500868555,3,매우낮음,0.0,0.0,0.0,0.0,0,100,1,매우 위험,262.5,1,250,-100,1,매우 안전,7.2610039051906625,매우안전
51,단국대학교사범대학부속고등학교,강남구,6.136110078095947,30.717738936407585,44.9,34.7,2.0,2.146930105566124,1.1605925374984505,47.99007,1.3306654312834516,19.071216500868555,3,매우낮음,0.0,0.0,0.0,0.0,0,100,1,매우 위험,255.0,1,250,-100,1,매우 안전,7.2610039051906625,매우안전
52,당곡고등학교,관악구,13.034363868983618,52.35769818339811,58.0,20.0,64.0,3.023201664450904,1.1496001927457389,27.82525,3.560242457017959,77.86743315829996,4,높음,0.0,0.0,0.0,0.0,0,100,1,매우 위험,63.900000000000006,0,360,-60,4,보통,45.31766133206238,매우위험
53,대경생활과학고등학교,중구,17.528284276901363,38.92644949805368,35.2,32.2,7.0,2.2498769598537574,0.5374834644792986,39.102235,10.96815017928707,35.48083657280671,0,낮음,0.3333333333333333,0.6666666666666666,0.3333333333333333,0.0,0,0,0,매우 안전,145.85,1,242,-100,1,매우 안전,-11.598582821833034,매우안전
54,대광고등학교,동대문구,17.442884496286997,53.49340636239155,46.3,22.0,16.0,4.093671836552462,0.90907541348727,30.11303,3.3485030669244,58.57481779644922,2,보통,0.0,0.0,1.0,0.0,16,80,3,위험,41.0,0,204,-60,4,보통,31.210171729561907,보통
55,대동세무고등학교,종로구,17.296425622118615,27.635266501505303,38.2,53.5,17.0,0.997552178228088,0.321508329233199,23.05023333333333,6.249166777762965,32.34150469437501,0,낮음,1.0,0.0,0.0,1.0,2,40,4,보통,48.650000000000006,0,60,-20,0,매우 안전하지 않음,19.787699192282048,안전
56,대성고등학교,은평구,18.022813528845933,72.71995691290161,53.4,23.9,19.0,2.5311013597006906,0.2855358538727044,29.840355,5.39682743644272,74.88196584935213,2,보통,0.0,0.0,0.0,0.0,0,100,1,매우 위험,187.1,0,92,-20,0,매우 안전하지 않음,55.088069008399074,매우위험
57,대신고등학교,종로구,17.296425622118615,27.635266501505303,38.2,53.5,17.0,0.997552178228088,0.321508329233199,23.05023333333333,6.249166777762965,32.34150469437501,0,낮음,0.0,0.0,1.0,0.0,2,60,2,주의,136.35,1,156,-40,3,안전하지 않음,19.493579192282045,안전
58,대영고등학교,영등포구,9.553313977271594,25.866283536372432,39.2,40.5,17.0,3.276145648075097,0.6381347674113096,35.48012,3.242715590441678,25.401158874725976,3,매우낮음,0.0,0.0,0.0,0.0,7,100,1,매우 위험,100.0,0,268,-60,4,보통,21.29639738152229,안전
59,대원고등학교,광진구,16.50469192659666,57.36940166237979,53.1,23.0,7.0,3.966529015431428,0.9240169735537362,30.66952,2.4994566398609,60.19373183370286,2,보통,0.0,0.0,0.0,0.0,2,100,1,매우 위험,70.0,1,179,-40,3,안전하지 않음,42.794538570206186,위험
60,대원여자고등학교,광진구,16.50469192659666,57.36940166237979,53.1,23.0,7.0,3.966529015431428,0.9240169735537362,30.66952,2.4994566398609,60.19373183370286,2,보통,0.0,0.0,1.0,0.0,2,60,2,주의,116.7,1,179,-40,3,안전하지 않음,32.24549857020618,보통
61,대원외국어고등학교,광진구,16.50469192659666,57.36940166237979,53.1,23.0,7.0,3.966529015431428,0.9240169735537362,30.66952,2.4994566398609,60.19373183370286,2,보통,0.0,0.0,0.5,0.0,2,100,1,매우 위험,180.0,1,179,-40,3,안전하지 않음,42.794538570206186,위험
62,대일고등학교,강서구,20.076996315767687,67.13030039602047,62.7,17.2,15.0,5.099762909135696,1.060769135240303,31.65221,2.591577629296631,77.83118571908382,1,매우높음,0.3333333333333333,0.3333333333333333,0.3333333333333333,0.6666666666666666,0,0,0,매우 안전,213.4,0,240,-60,4,보통,18.92846573199678,안전
63,대일관광고등학교,양천구,15.982703163465317,58.27027195013396,62.8,13.5,6.0,4.280518811753725,0.4125165284088848,35.63309,2.47819510154163,65.10383413720601,2,보통,1.0,0.0,1.0,1.0,0,20,5,안전,200.0,0,106,-20,0,매우 안전하지 않음,29.513149629046676,보통
64,대일외국어고등학교,성북구,15.267799937292963,53.43729978052538,49.3,38.8,12.0,2.114308650138409,0.2366660456549628,31.817815,1.910839616861492,50.47278696655239,2,보통,1.0,0.0,1.0,0.0,0,20,5,안전,150.0,0,152,-20,0,매우 안전하지 않음,22.81444173034028,안전
65,대진고등학교,노원구,15.516190047111737,82.9601550453834,45.7,18.5,9.0,4.978838358065423,0.4968158473574574,31.93595,2.2483718251221445,73.82736650264715,2,보통,1.0,0.0,1.0,1.0,0,20,5,안전,81.55000000000001,0,57,-20,0,매우 안전하지 않음,33.50714913430498,보통
66,대진디자인고등학교,강남구,6.136110078095947,30.717738936407585,44.9,34.7,2.0,2.146930105566124,1.1605925374984505,47.99007,1.3306654312834516,19.071216500868555,3,매우낮음,0.5,0.25,0.25,0.5,0,40,4,보통,106.7,0,46,-20,0,매우 안전하지 않음,13.712003905190665,매우안전
67,대진여자고등학교,노원구,15.516190047111737,82.9601550453834,45.7,18.5,9.0,4.978838358065423,0.4968158473574574,31.93595,2.2483718251221445,73.82736650264715,2,보통,0.0,0.0,0.0,0.0,0,100,1,매우 위험,100.0,1,76,-40,3,안전하지 않음,49.036589134304975,매우위험
68,덕성여자고등학교,종로구,17.296425622118615,27.635266501505303,38.2,53.5,17.0,0.997552178228088,0.321508329233199,23.05023333333333,6.249166777762965,32.34150469437501,0,낮음,0.0,0.0,1.0,0.0,7,60,2,주의,100.0,1,48,-40,3,안전하지 않음,19.493579192282045,안전
69,덕수고등학교,성동구,11.548764487207524,37.51640061228952,47.1,33.3,15.0,2.795477403730747,0.5837023471098476,35.35332,1.91429430907649,38.34684585486745,3,매우낮음,0.0,0.0,0.0,0.0,0,100,1,매우 위험,287.9,0,136,-80,2,안전,21.654836599884227,안전
70,덕원여자고등학교,강서구,20.076996315767687,67.13030039602047,62.7,17.2,15.0,5.099762909135696,1.060769135240303,31.65221,2.591577629296631,77.83118571908382,1,매우높음,0.0,0.0,0.0,0.0,0,100,1,매우 위험,100.0,1,44,-40,3,안전하지 않음,50.86970573199677,매우위험
71,덕원예술고등학교,강서구,20.076996315767687,67.13030039602047,62.7,17.2,15.0,5.099762909135696,1.060769135240303,31.65221,2.591577629296631,77.83118571908382,1,매우높음,1.0,0.0,0.5,1.0,0,20,5,안전,137.3,1,44,-40,3,안전하지 않음,29.77162573199678,보통
72,덕일전자공업고등학교,구로구,15.83709870050313,51.975126020091984,51.1,26.5,49.0,4.514844411515665,0.5302776676330382,28.90323,7.541278577476715,70.97225945894482,4,높음,1.0,0.0,1.0,1.0,0,20,5,안전,270.85,1,134,-40,3,안전하지 않음,26.631321215202217,보통
73,도봉고등학교,도봉구,27.773168051150225,85.26080789547018,56.2,29.7,16.0,5.916945070096262,0.8401879098525338,27.13315,1.5071463857792364,89.94662719895763,1,매우높음,0.0,0.0,0.0,0.0,1,100,1,매우 위험,100.0,0,100,-20,0,매우 안전하지 않음,61.98530369002516,매우위험
74,도선고등학교,성동구,11.548764487207524,37.51640061228952,47.1,33.3,15.0,2.795477403730747,0.5837023471098476,35.35332,1.91429430907649,38.34684585486745,3,매우낮음,0.5,0.5,0.0,0.0,4,0,0,매우 안전,214.3,1,246,-100,1,매우 안전,-10.286403400115775,매우안전
75,독산고등학교,금천구,25.15404812753429,76.48300672544111,61.0,18.2,15.0,6.339795201893295,1.0889198323607918,25.6777,5.34627845556708,90.22911414798968,1,매우높음,0.0,0.0,1.0,1.0,0,60,2,주의,96.25,0,186,-60,4,보통,40.428318079743896,위험
76,동구마케팅고등학교,성북구,15.267799937292963,53.43729978052538,49.3,38.8,12.0,2.114308650138409,0.2366660456549628,31.817815,1.910839616861492,50.47278696655239,2,보통,0.0,0.0,0.0,0.0,1,100,1,매우 위험,347.1,0,97,-80,2,안전,27.20660173034028,보통
77,동국대학교사범대학부속고등학교,동대문구,17.442884496286997,53.49340636239155,46.3,22.0,16.0,4.093671836552462,0.90907541348727,30.11303,3.3485030669244,58.57481779644922,2,보통,0.0,0.0,0.0,0.0,1,100,1,매우 위험,309.1,1,140,-40,3,안전하지 않음,42.053331729561904,위험
78,동국대학교사범대학부속여자고등학교,광진구,16.50469192659666,57.36940166237979,53.1,23.0,7.0,3.966529015431428,0.9240169735537362,30.66952,2.4994566398609,60.19373183370286,2,보통,1.0,0.0,0.0,1.0,2,40,4,보통,116.4,0,379,-60,4,보통,21.40233857020619,안전
79,동덕여자고등학교,서초구,6.367636069174154,22.803345772250083,52.8,35.2,8.0,2.281247363155294,0.3604322303306124,46.570755,1.1933605757060717,20.295261744023893,3,매우낮음,0.0,0.0,1.0,0.0,0,60,2,주의,1.0,0,148,-20,0,매우 안전하지 않음,19.54694322740739,안전
80,동명생활경영고등학교,은평구,18.022813528845933,72.71995691290161,53.4,23.9,19.0,2.5311013597006906,0.2855358538727044,29.840355,5.39682743644272,74.88196584935213,2,보통,0.0,0.0,0.0,0.0,8,80,3,위험,391.65,0,202,-80,2,안전,33.10762900839908,보통
81,동명여자고등학교,은평구,18.022813528845933,72.71995691290161,53.4,23.9,19.0,2.5311013597006906,0.2855358538727044,29.840355,5.39682743644272,74.88196584935213,2,보통,1.0,0.0,1.0,1.0,8,20,5,안전,250.0,0,202,-60,4,보통,22.85270900839908,안전
82,동북고등학교,강동구,14.148759196693478,48.66315663105181,52.6,19.8,15.0,4.690014354443052,0.769964042143294,33.3621,1.3340944911205153,55.14826653218568,2,보통,1.0,0.5,0.5,0.0,0,0,0,매우 안전,104.8,0,9,-20,0,매우 안전하지 않음,19.68055264562896,안전
83,동성고등학교,종로구,17.296425622118615,27.635266501505303,38.2,53.5,17.0,0.997552178228088,0.321508329233199,23.05023333333333,6.249166777762965,32.34150469437501,0,낮음,1.0,0.0,0.0,1.0,2,40,4,보통,100.0,1,168,-40,3,안전하지 않음,14.219059192282046,매우안전
84,동양고등학교,강서구,20.076996315767687,67.13030039602047,62.7,17.2,15.0,5.099762909135696,1.060769135240303,31.65221,2.591577629296631,77.83118571908382,1,매우높음,0.0,0.0,0.0,0.0,0,100,1,매우 위험,72.7,0,41,-20,0,매우 안전하지 않음,56.438345731996776,매우위험
85,동일여자고등학교,금천구,25.15404812753429,76.48300672544111,61.0,18.2,15.0,6.339795201893295,1.0889198323607918,25.6777,5.34627845556708,90.22911414798968,1,매우높음,1.0,0.0,0.0,1.0,0,40,4,보통,145.2,1,167,-40,3,안전하지 않음,40.722438079743895,위험
86,동작고등학교,동작구,9.306123276972544,37.65556693815866,53.1,17.0,4.0,3.170830372029197,0.4775621845131231,34.36506,1.9108792726590047,41.2546940816567,2,보통,0.0,0.0,0.0,0.0,0,100,1,매우 위험,129.65,0,185,-60,4,보통,28.55481164773387,보통
87,둔촌고등학교,강동구,14.148759196693478,48.66315663105181,52.6,19.8,15.0,4.690014354443052,0.769964042143294,33.3621,1.3340944911205153,55.14826653218568,2,보통,0.0,0.0,0.0,0.0,1,100,1,매우 위험,172.4,1,185,-40,3,안전하지 않음,40.48451264562895,위험
88,등촌고등학교,강서구,20.076996315767687,67.13030039602047,62.7,17.2,15.0,5.099762909135696,1.060769135240303,31.65221,2.591577629296631,77.83118571908382,1,매우높음,0.0,0.0,1.0,0.0,0,60,2,주의,45.2,0,67,-20,0,매우 안전하지 않음,45.88930573199678,매우위험
89,리라아트고등학교,중구,17.528284276901363,38.92644949805368,35.2,32.2,7.0,2.2498769598537574,0.5374834644792986,39.102235,10.96815017928707,35.48083657280671,0,낮음,0.0,0.0,0.0,0.0,10,80,3,위험,150.0,0,128,-20,0,매우 안전하지 않음,31.77405717816697,보통
90,마포고등학교,강서구,20.076996315767687,67.13030039602047,62.7,17.2,15.0,5.099762909135696,1.060769135240303,31.65221,2.591577629296631,77.83118571908382,1,매우높음,1.0,1.0,1.0,1.0,0,0,0,매우 안전,16.65,1,56,-40,3,안전하지 않음,24.49710573199678,안전
91,면목고등학교,중랑구,26.84461002590045,98.4217308649221,58.5,25.6,9.0,5.922469490308686,1.2163432299441586,25.60383,1.6750418760469012,98.7011022964834,1,매우높음,0.0,0.0,0.0,0.0,0,100,1,매우 위험,350.0,1,142,-80,2,안전,49.28755007762656,매우위험
92,명덕고등학교,강서구,20.076996315767687,67.13030039602047,62.7,17.2,15.0,5.099762909135696,1.060769135240303,31.65221,2.591577629296631,77.83118571908382,1,매우높음,0.0,0.0,0.0,0.0,1,100,1,매우 위험,514.05,0,111,-80,2,안전,39.73242573199678,위험
93,명덕여자고등학교,강서구,20.076996315767687,67.13030039602047,62.7,17.2,15.0,5.099762909135696,1.060769135240303,31.65221,2.591577629296631,77.83118571908382,1,매우높음,0.0,0.0,0.0,0.0,1,100,1,매우 위험,341.65,0,111,-80,2,안전,39.73242573199678,위험
94,명덕외국어고등학교,강서구,20.076996315767687,67.13030039602047,62.7,17.2,15.0,5.099762909135696,1.060769135240303,31.65221,2.591577629296631,77.83118571908382,1,매우높음,0.0,0.0,1.0,1.0,1,60,2,주의,123.35,0,111,-20,0,매우 안전하지 않음,45.88930573199678,매우위험
95,명일여자고등학교,강동구,14.148759196693478,48.66315663105181,52.6,19.8,15.0,4.690014354443052,0.769964042143294,33.3621,1.3340944911205153,55.14826653218568,2,보통,1.0,0.0,1.0,0.0,2,20,5,안전,100.0,0,101,-20,0,매우 안전하지 않음,24.95507264562896,안전
96,명지고등학교,서대문구,16.758590757748077,47.709712062700575,46.9,20.2,5.0,3.5015530204069782,0.5042361113311095,39.43923,1.7417051293216057,46.19379882574886,2,보통,1.0,0.0,0.0,1.0,0,40,4,보통,66.65,0,180,-60,4,보통,14.992581241978511,매우안전
97,목동고등학교,양천구,15.982703163465317,58.27027195013396,62.8,13.5,6.0,4.280518811753725,0.4125165284088848,35.63309,2.47819510154163,65.10383413720601,2,보통,0.5,0.0,0.0,1.0,0,40,4,보통,96.85,1,102,-40,3,안전하지 않음,29.21902962904668,보통
98,무학여자고등학교,성동구,11.548764487207524,37.51640061228952,47.1,33.3,15.0,2.795477403730747,0.5837023471098476,35.35332,1.91429430907649,38.34684585486745,3,매우낮음,0.0,0.0,0.0,0.0,3,100,1,매우 위험,180.0,1,331,-100,1,매우 안전,16.086196599884225,매우안전
99,문일고등학교,금천구,25.15404812753429,76.48300672544111,61.0,18.2,15.0,6.339795201893295,1.0889198323607918,25.6777,5.34627845556708,90.22911414798968,1,매우높음,0.0,0.0,0.0,0.0,1,100,1,매우 위험,76.0,0,95,-20,0,매우 안전하지 않음,62.1146380797439,매우위험
100,문정고등학교,송파구,10.58790749512399,41.94498203971595,61.9,21.3,10.0,4.6116942204603815,0.6739813092557589,39.69562,1.6667417451236544,48.71522932797662,3,매우낮음,0.0,0.0,0.0,0.0,0,100,1,매우 위험,350.0,1,129,-80,2,안전,26.40191802597948,보통
101,문현고등학교,송파구,10.58790749512399,41.94498203971595,61.9,21.3,10.0,4.6116942204603815,0.6739813092557589,39.69562,1.6667417451236544,48.71522932797662,3,매우낮음,0.0,0.0,0.0,0.0,0,100,1,매우 위험,18.75,2,90,-40,3,안전하지 않음,37.53919802597947,위험
102,미래산업과학고등학교,노원구,15.516190047111737,82.9601550453834,45.7,18.5,9.0,4.978838358065423,0.4968158473574574,31.93595,2.2483718251221445,73.82736650264715,2,보통,0.5,0.5,0.5,0.5,1,0,0,매우 안전,70.0,0,93,-20,0,매우 안전하지 않음,28.23262913430498,보통
103,미림여자고등학교,관악구,13.034363868983618,52.35769818339811,58.0,20.0,64.0,3.023201664450904,1.1496001927457389,27.82525,3.560242457017959,77.86743315829996,4,높음,0.0,0.0,0.0,0.0,0,100,1,매우 위험,378.9,0,257,-60,4,보통,45.31766133206238,매우위험
104,미림여자정보과학고등학교,관악구,13.034363868983618,52.35769818339811,58.0,20.0,64.0,3.023201664450904,1.1496001927457389,27.82525,3.560242457017959,77.86743315829996,4,높음,0.5,0.0,0.25,0.5,0,40,4,보통,411.0,0,257,-80,2,안전,23.925461332062376,안전
105,미양고등학교,강북구,30.07638078681134,100.64019724817642,52.9,23.4,28.0,4.989426661797553,1.1154701665438274,25.99556,2.8874979829977323,105.36993886865436,1,매우높음,0.0,0.0,0.0,0.0,0,100,1,매우 위험,164.55,0,133,-20,0,매우 안전하지 않음,69.04674355150244,매우위험
106,반포고등학교,서초구,6.367636069174154,22.803345772250083,52.8,35.2,8.0,2.281247363155294,0.3604322303306124,46.570755,1.1933605757060717,20.295261744023893,3,매우낮음,0.0,0.0,0.0,0.0,2,100,1,매우 위험,0.05,0,161,-20,0,매우 안전하지 않음,30.095983227407388,보통
107,방산고등학교,송파구,10.58790749512399,41.94498203971595,61.9,21.3,10.0,4.6116942204603815,0.6739813092557589,39.69562,1.6667417451236544,48.71522932797662,3,매우낮음,0.0,0.0,0.0,0.0,0,100,1,매우 위험,117.2,0,121,-20,0,매우 안전하지 않음,43.10783802597948,위험
108,배명고등학교,송파구,10.58790749512399,41.94498203971595,61.9,21.3,10.0,4.6116942204603815,0.6739813092557589,39.69562,1.6667417451236544,48.71522932797662,3,매우낮음,0.0,0.0,0.0,0.0,0,100,1,매우 위험,290.0,0,84,-80,2,안전,26.40191802597948,보통
109,배문고등학교,용산구,10.66228375160672,37.886929220136125,52.7,23.2,0.0,2.7924311292480897,0.916619255325874,37.83427,4.755427269610609,38.59397973907843,3,매우낮음,0.0,0.0,0.0,0.0,2,100,1,매우 위험,214.75,0,153,-20,0,매우 안전하지 않음,38.47390487169915,위험
110,배재고등학교,강동구,14.148759196693478,48.66315663105181,52.6,19.8,15.0,4.690014354443052,0.769964042143294,33.3621,1.3340944911205153,55.14826653218568,2,보통,0.0,0.0,0.0,0.0,1,100,1,매우 위험,151.75,1,77,-40,3,안전하지 않음,40.48451264562895,위험
111,배화여자고등학교,종로구,17.296425622118615,27.635266501505303,38.2,53.5,17.0,0.997552178228088,0.321508329233199,23.05023333333333,6.249166777762965,32.34150469437501,0,낮음,0.0,0.0,0.0,0.0,1,100,1,매우 위험,150.0,2,166,-100,1,매우 안전,13.336699192282047,매우안전
112,백암고등학교,양천구,15.982703163465317,58.27027195013396,62.8,13.5,6.0,4.280518811753725,0.4125165284088848,35.63309,2.47819510154163,65.10383413720601,2,보통,0.0,0.0,0.0,0.0,0,100,1,매우 위험,7.8,0,98,-20,0,매우 안전하지 않음,50.61122962904668,매우위험
113,보성고등학교,송파구,10.58790749512399,41.94498203971595,61.9,21.3,10.0,4.6116942204603815,0.6739813092557589,39.69562,1.6667417451236544,48.71522932797662,3,매우낮음,0.0,0.0,0.0,0.0,1,100,1,매우 위험,50.0,0,37,-20,0,매우 안전하지 않음,43.10783802597948,위험
114,보성여자고등학교,용산구,10.66228375160672,37.886929220136125,52.7,23.2,0.0,2.7924311292480897,0.916619255325874,37.83427,4.755427269610609,38.59397973907843,3,매우낮음,0.0,0.0,0.0,0.0,1,100,1,매우 위험,136.0,0,88,-20,0,매우 안전하지 않음,38.47390487169915,위험
115,보인고등학교,송파구,10.58790749512399,41.94498203971595,61.9,21.3,10.0,4.6116942204603815,0.6739813092557589,39.69562,1.6667417451236544,48.71522932797662,3,매우낮음,0.0,0.0,0.0,0.0,0,100,1,매우 위험,540.0,0,123,-80,2,안전,26.40191802597948,보통
116,불암고등학교,노원구,15.516190047111737,82.9601550453834,45.7,18.5,9.0,4.978838358065423,0.4968158473574574,31.93595,2.2483718251221445,73.82736650264715,2,보통,0.0,0.0,0.0,0.0,0,100,1,매우 위험,240.0,1,101,-40,3,안전하지 않음,49.036589134304975,매우위험
117,삼각산고등학교,강북구,30.07638078681134,100.64019724817642,52.9,23.4,28.0,4.989426661797553,1.1154701665438274,25.99556,2.8874979829977323,105.36993886865436,1,매우높음,0.5,0.0,0.5,0.0,3,100,1,매우 위험,316.65,0,115,-80,2,안전,52.340823551502446,매우위험
118,삼성고등학교,관악구,13.034363868983618,52.35769818339811,58.0,20.0,64.0,3.023201664450904,1.1496001927457389,27.82525,3.560242457017959,77.86743315829996,4,높음,0.0,0.0,0.0,0.0,0,100,1,매우 위험,70.0,0,106,-20,0,매우 안전하지 않음,56.454941332062376,매우위험
119,상계고등학교,노원구,15.516190047111737,82.9601550453834,45.7,18.5,9.0,4.978838358065423,0.4968158473574574,31.93595,2.2483718251221445,73.82736650264715,2,보통,0.0,0.0,0.0,0.0,6,100,1,매우 위험,75.0,1,47,-40,3,안전하지 않음,49.036589134304975,매우위험
120,상명고등학교,노원구,15.516190047111737,82.9601550453834,45.7,18.5,9.0,4.978838358065423,0.4968158473574574,31.93595,2.2483718251221445,73.82736650264715,2,보통,1.0,0.0,0.5,1.0,0,20,5,안전,210.45,0,84,-20,0,매우 안전하지 않음,33.50714913430498,보통
121,상명대학교사범대학부속여자고등학교,종로구,17.296425622118615,27.635266501505303,38.2,53.5,17.0,0.997552178228088,0.321508329233199,23.05023333333333,6.249166777762965,32.34150469437501,0,낮음,0.5,0.0,0.5,0.5,0,40,4,보통,150.0,0,75,-20,0,매우 안전하지 않음,19.787699192282048,안전
122,상문고등학교,서초구,6.367636069174154,22.803345772250083,52.8,35.2,8.0,2.281247363155294,0.3604322303306124,46.570755,1.1933605757060717,20.295261744023893,3,매우낮음,0.5,0.0,0.0,0.0,0,100,1,매우 위험,50.0,0,138,-20,0,매우 안전하지 않음,30.095983227407388,보통
123,상암고등학교,마포구,12.781037587869635,35.38551728872998,53.7,29.8,2.0,3.686419392996614,0.9088444428013358,40.22976,1.875039063313819,36.21928010941029,3,매우낮음,0.6666666666666666,0.0,0.6666666666666666,0.0,0,60,2,주의,300.0,0,40,-80,2,안전,10.131707643852629,매우안전
124,상일미디어고등학교,강동구,14.148759196693478,48.66315663105181,52.6,19.8,15.0,4.690014354443052,0.769964042143294,33.3621,1.3340944911205153,55.14826653218568,2,보통,0.5,0.0,0.5,0.5,1,40,4,보통,263.65,0,103,-20,0,매우 안전하지 않음,30.229592645628955,보통
125,상일여자고등학교,강동구,14.148759196693478,48.66315663105181,52.6,19.8,15.0,4.690014354443052,0.769964042143294,33.3621,1.3340944911205153,55.14826653218568,2,보통,0.0,0.0,0.0,0.0,1,100,1,매우 위험,42.9,0,103,-20,0,매우 안전하지 않음,46.05315264562896,매우위험
126,서라벌고등학교,노원구,15.516190047111737,82.9601550453834,45.7,18.5,9.0,4.978838358065423,0.4968158473574574,31.93595,2.2483718251221445,73.82736650264715,2,보통,0.0,0.0,0.0,1.0,0,40,4,보통,100.0,0,38,-20,0,매우 안전하지 않음,38.78166913430498,위험
127,서문여자고등학교,서초구,6.367636069174154,22.803345772250083,52.8,35.2,8.0,2.281247363155294,0.3604322303306124,46.570755,1.1933605757060717,20.295261744023893,3,매우낮음,0.0,0.0,0.5,0.0,4,100,1,매우 위험,136.3,0,299,-60,4,보통,18.95870322740739,안전
128,서서울생활과학고등학교,구로구,15.83709870050313,51.975126020091984,51.1,26.5,49.0,4.514844411515665,0.5302776676330382,28.90323,7.541278577476715,70.97225945894482,4,높음,0.0,0.5,0.0,0.0,0,0,0,매우 안전,100.0,0,24,-20,0,매우 안전하지 않음,26.925441215202213,보통
129,서울고등학교,서초구,6.367636069174154,22.803345772250083,52.8,35.2,8.0,2.281247363155294,0.3604322303306124,46.570755,1.1933605757060717,20.295261744023893,3,매우낮음,0.6666666666666666,0.3333333333333333,0.0,0.0,1,0,0,매우 안전,540.0,0,142,-80,2,안전,-12.982536772592614,매우안전
130,서울공업고등학교,동작구,9.306123276972544,37.65556693815866,53.1,17.0,4.0,3.170830372029197,0.4775621845131231,34.36506,1.9108792726590047,41.2546940816567,2,보통,0.0,0.0,0.0,0.0,6,100,1,매우 위험,366.65,1,173,-80,2,안전,22.98617164773387,안전
131,서울공연예술고등학교,구로구,15.83709870050313,51.975126020091984,51.1,26.5,49.0,4.514844411515665,0.5302776676330382,28.90323,7.541278577476715,70.97225945894482,4,높음,0.0,0.0,1.0,1.0,0,60,2,주의,7.1,0,98,-20,0,매우 안전하지 않음,42.74900121520221,위험
132,서울과학고등학교,종로구,17.296425622118615,27.635266501505303,38.2,53.5,17.0,0.997552178228088,0.321508329233199,23.05023333333333,6.249166777762965,32.34150469437501,0,낮음,0.0,0.0,0.0,0.0,0,100,1,매우 위험,229.2,2,207,-100,1,매우 안전,13.336699192282047,매우안전
133,서울관광고등학교,관악구,13.034363868983618,52.35769818339811,58.0,20.0,64.0,3.023201664450904,1.1496001927457389,27.82525,3.560242457017959,77.86743315829996,4,높음,0.0,0.0,0.0,0.0,0,100,1,매우 위험,152.5,1,266,-100,1,매우 안전,34.180381332062375,보통
134,서울국제고등학교,종로구,17.296425622118615,27.635266501505303,38.2,53.5,17.0,0.997552178228088,0.321508329233199,23.05023333333333,6.249166777762965,32.34150469437501,0,낮음,0.0,0.0,0.0,0.0,0,100,1,매우 위험,120.0,2,181,-100,1,매우 안전,13.336699192282047,매우안전
135,서울금융고등학교,양천구,15.982703163465317,58.27027195013396,62.8,13.5,6.0,4.280518811753725,0.4125165284088848,35.63309,2.47819510154163,65.10383413720601,2,보통,0.6,0.2,0.4,0.8,0,40,4,보통,83.2,1,181,-40,3,안전하지 않음,29.21902962904668,보통
136,서울대학교사범대학부설고등학교,성북구,15.267799937292963,53.43729978052538,49.3,38.8,12.0,2.114308650138409,0.2366660456549628,31.817815,1.910839616861492,50.47278696655239,2,보통,1.0,0.0,0.0,1.0,4,40,4,보통,60.0,0,130,-20,0,매우 안전하지 않음,28.08896173034028,보통
137,서울도시과학기술고등학교,성북구,15.267799937292963,53.43729978052538,49.3,38.8,12.0,2.114308650138409,0.2366660456549628,31.817815,1.910839616861492,50.47278696655239,2,보통,0.0,0.0,0.3333333333333333,0.0,19,80,3,위험,7.15,1,178,-40,3,안전하지 않음,33.06936173034028,보통
138,서울동산고등학교,노원구,15.516190047111737,82.9601550453834,45.7,18.5,9.0,4.978838358065423,0.4968158473574574,31.93595,2.2483718251221445,73.82736650264715,2,보통,0.3636363636363636,0.0909090909090909,0.0,0.4545454545454545,0,40,4,보통,293.35,0,98,-80,2,안전,22.075749134304974,안전
139,서울디자인고등학교,마포구,12.781037587869635,35.38551728872998,53.7,29.8,2.0,3.686419392996614,0.9088444428013358,40.22976,1.875039063313819,36.21928010941029,3,매우낮음,0.0,0.0,0.25,0.25,1,100,1,매우 위험,90.0,0,147,-20,0,매우 안전하지 않음,37.38666764385263,위험
140,서울디지텍고등학교,용산구,10.66228375160672,37.886929220136125,52.7,23.2,0.0,2.7924311292480897,0.916619255325874,37.83427,4.755427269610609,38.59397973907843,3,매우낮음,0.0,0.0,0.0,0.0,4,100,1,매우 위험,60.0,0,82,-20,0,매우 안전하지 않음,38.47390487169915,위험
141,서울로봇고등학교,강남구,6.136110078095947,30.717738936407585,44.9,34.7,2.0,2.146930105566124,1.1605925374984505,47.99007,1.3306654312834516,19.071216500868555,3,매우낮음,0.0,0.0,0.0,0.0,0,100,1,매우 위험,300.0,0,64,-80,2,안전,12.829643905190665,매우안전
142,서울매그넷고등학교,금천구,25.15404812753429,76.48300672544111,61.0,18.2,15.0,6.339795201893295,1.0889198323607918,25.6777,5.34627845556708,90.22911414798968,1,매우높음,0.5,0.5,0.0,0.5,0,0,0,매우 안전,100.0,1,167,-40,3,안전하지 않음,30.17339807974389,보통
143,서울문영여자고등학교,관악구,13.034363868983618,52.35769818339811,58.0,20.0,64.0,3.023201664450904,1.1496001927457389,27.82525,3.560242457017959,77.86743315829996,4,높음,0.5,0.0,0.0,1.0,0,40,4,보통,135.2,0,50,-20,0,매우 안전하지 않음,40.631381332062375,위험
144,서울문화고등학교,도봉구,27.773168051150225,85.26080789547018,56.2,29.7,16.0,5.916945070096262,0.8401879098525338,27.13315,1.5071463857792364,89.94662719895763,1,매우높음,0.5,0.0,0.0,0.0,0,100,1,매우 위험,77.3,0,82,-20,0,매우 안전하지 않음,61.98530369002516,매우위험
145,서울미술고등학교,관악구,13.034363868983618,52.35769818339811,58.0,20.0,64.0,3.023201664450904,1.1496001927457389,27.82525,3.560242457017959,77.86743315829996,4,높음,0.5,0.0,0.5,0.5,0,40,4,보통,225.0,0,251,-60,4,보통,29.494101332062375,보통
146,서울방송고등학교,성동구,11.548764487207524,37.51640061228952,47.1,33.3,15.0,2.795477403730747,0.5837023471098476,35.35332,1.91429430907649,38.34684585486745,3,매우낮음,0.5,0.0,0.0,1.0,2,40,4,보통,24.5,0,120,-20,0,매우 안전하지 않음,22.537196599884226,안전
147,서울세종고등학교,강남구,6.136110078095947,30.717738936407585,44.9,34.7,2.0,2.146930105566124,1.1605925374984505,47.99007,1.3306654312834516,19.071216500868555,3,매우낮음,0.0,0.0,0.0,0.0,0,100,1,매우 위험,300.0,1,106,-40,3,안전하지 않음,23.966923905190665,안전
148,서울신정고등학교,강서구,20.076996315767687,67.13030039602047,62.7,17.2,15.0,5.099762909135696,1.060769135240303,31.65221,2.591577629296631,77.83118571908382,1,매우높음,0.6666666666666666,0.0,0.6666666666666666,0.6666666666666666,0,20,5,안전,7.75,0,140,-20,0,매우 안전하지 않음,35.34026573199678,위험
149,서울아이티고등학교,노원구,15.516190047111737,82.9601550453834,45.7,18.5,9.0,4.978838358065423,0.4968158473574574,31.93595,2.2483718251221445,73.82736650264715,2,보통,0.5,0.0,0.0,0.5,0,40,4,보통,161.25,0,75,-20,0,매우 안전하지 않음,38.78166913430498,위험
150,서울여자고등학교,마포구,12.781037587869635,35.38551728872998,53.7,29.8,2.0,3.686419392996614,0.9088444428013358,40.22976,1.875039063313819,36.21928010941029,3,매우낮음,0.0,0.0,0.0,0.0,1,100,1,매우 위험,120.0,0,151,-20,0,매우 안전하지 않음,37.38666764385263,위험
151,서울여자상업고등학교,관악구,13.034363868983618,52.35769818339811,58.0,20.0,64.0,3.023201664450904,1.1496001927457389,27.82525,3.560242457017959,77.86743315829996,4,높음,0.0,0.0,0.0,0.0,0,100,1,매우 위험,102.5,0,50,-20,0,매우 안전하지 않음,56.454941332062376,매우위험
152,서울영상고등학교,양천구,15.982703163465317,58.27027195013396,62.8,13.5,6.0,4.280518811753725,0.4125165284088848,35.63309,2.47819510154163,65.10383413720601,2,보통,0.0,0.0,0.0,0.0,1,100,1,매우 위험,118.05,2,263,-100,1,매우 안전,28.336669629046675,보통
153,서울예술고등학교,종로구,17.296425622118615,27.635266501505303,38.2,53.5,17.0,0.997552178228088,0.321508329233199,23.05023333333333,6.249166777762965,32.34150469437501,0,낮음,1.0,0.0,1.0,1.0,0,20,5,안전,120.0,1,34,-40,3,안전하지 않음,8.944539192282047,매우안전
154,서울외국어고등학교,도봉구,27.773168051150225,85.26080789547018,56.2,29.7,16.0,5.916945070096262,0.8401879098525338,27.13315,1.5071463857792364,89.94662719895763,1,매우높음,0.5,0.5,1.0,0.5,0,0,0,매우 안전,180.0,0,58,-20,0,매우 안전하지 않음,35.61270369002516,위험
155,서울의료보건고등학교,중구,17.528284276901363,38.92644949805368,35.2,32.2,7.0,2.2498769598537574,0.5374834644792986,39.102235,10.96815017928707,35.48083657280671,0,낮음,0.0,0.0,0.0,0.0,12,80,3,위험,108.8,2,196,-100,1,매우 안전,9.499497178166967,매우안전
156,서울인공지능고등학교,송파구,10.58790749512399,41.94498203971595,61.9,21.3,10.0,4.6116942204603815,0.6739813092557589,39.69562,1.6667417451236544,48.71522932797662,3,매우낮음,0.5,1.0,0.5,0.5,0,0,0,매우 안전,213.1,0,115,-20,0,매우 안전하지 않음,16.735238025979477,안전
157,서울전자고등학교,서초구,6.367636069174154,22.803345772250083,52.8,35.2,8.0,2.281247363155294,0.3604322303306124,46.570755,1.1933605757060717,20.295261744023893,3,매우낮음,0.0,0.0,0.0,0.0,0,100,1,매우 위험,104.2,0,41,-20,0,매우 안전하지 않음,30.095983227407388,보통
158,서울체육고등학교,송파구,10.58790749512399,41.94498203971595,61.9,21.3,10.0,4.6116942204603815,0.6739813092557589,39.69562,1.6667417451236544,48.71522932797662,3,매우낮음,0.0,0.0,1.0,0.0,1,60,2,주의,54.2,0,104,-20,0,매우 안전하지 않음,32.55879802597947,보통
159,서울컨벤션고등학교,강동구,14.148759196693478,48.66315663105181,52.6,19.8,15.0,4.690014354443052,0.769964042143294,33.3621,1.3340944911205153,55.14826653218568,2,보통,1.0,0.0,1.0,1.0,0,20,5,안전,60.0,0,132,-20,0,매우 안전하지 않음,24.95507264562896,안전
160,서울항공비즈니스고등학교,강서구,20.076996315767687,67.13030039602047,62.7,17.2,15.0,5.099762909135696,1.060769135240303,31.65221,2.591577629296631,77.83118571908382,1,매우높음,0.6666666666666666,0.3333333333333333,0.3333333333333333,0.6666666666666666,1,40,4,보통,10.15,0,143,-20,0,매우 안전하지 않음,40.614785731996776,위험
161,서일문화예술고등학교,종로구,17.296425622118615,27.635266501505303,38.2,53.5,17.0,0.997552178228088,0.321508329233199,23.05023333333333,6.249166777762965,32.34150469437501,0,낮음,0.5,0.0,0.0,0.25,0,100,1,매우 위험,120.0,2,189,-100,1,매우 안전,13.336699192282047,매우안전
162,서초고등학교,서초구,6.367636069174154,22.803345772250083,52.8,35.2,8.0,2.281247363155294,0.3604322303306124,46.570755,1.1933605757060717,20.295261744023893,3,매우낮음,0.0,0.0,0.0,0.0,1,100,1,매우 위험,3.2,0,158,-20,0,매우 안전하지 않음,30.095983227407388,보통
163,석관고등학교,성북구,15.267799937292963,53.43729978052538,49.3,38.8,12.0,2.114308650138409,0.2366660456549628,31.817815,1.910839616861492,50.47278696655239,2,보통,0.0,0.0,0.0,0.0,2,100,1,매우 위험,175.0,0,169,-60,4,보통,32.775241730340284,보통
164,선덕고등학교,도봉구,27.773168051150225,85.26080789547018,56.2,29.7,16.0,5.916945070096262,0.8401879098525338,27.13315,1.5071463857792364,89.94662719895763,1,매우높음,0.0,0.0,0.0,0.0,0,100,1,매우 위험,458.3,1,72,-80,2,안전,45.27938369002516,매우위험
165,선린인터넷고등학교,용산구,10.66228375160672,37.886929220136125,52.7,23.2,0.0,2.7924311292480897,0.916619255325874,37.83427,4.755427269610609,38.59397973907843,3,매우낮음,0.0,0.0,0.0,0.0,2,100,1,매우 위험,96.9,1,90,-40,3,안전하지 않음,32.905264871699146,보통
166,선사고등학교,강동구,14.148759196693478,48.66315663105181,52.6,19.8,15.0,4.690014354443052,0.769964042143294,33.3621,1.3340944911205153,55.14826653218568,2,보통,1.0,0.0,0.0,0.0,0,40,4,보통,87.5,1,159,-40,3,안전하지 않음,24.66095264562896,안전
167,선유고등학교,영등포구,9.553313977271594,25.866283536372432,39.2,40.5,17.0,3.276145648075097,0.6381347674113096,35.48012,3.242715590441678,25.401158874725976,3,매우낮음,0.0,0.0,0.0,0.0,5,100,1,매우 위험,108.7,0,84,-20,0,매우 안전하지 않음,32.43367738152229,보통
168,선일빅데이터고등학교,은평구,18.022813528845933,72.71995691290161,53.4,23.9,19.0,2.5311013597006906,0.2855358538727044,29.840355,5.39682743644272,74.88196584935213,2,보통,0.0,0.0,0.0,0.0,0,100,1,매우 위험,174.5,0,220,-60,4,보통,43.95078900839908,위험
169,선일여자고등학교,은평구,18.022813528845933,72.71995691290161,53.4,23.9,19.0,2.5311013597006906,0.2855358538727044,29.840355,5.39682743644272,74.88196584935213,2,보통,0.0,0.0,0.0,0.0,0,100,1,매우 위험,165.6,0,220,-60,4,보통,43.95078900839908,위험
170,선정고등학교,은평구,18.022813528845933,72.71995691290161,53.4,23.9,19.0,2.5311013597006906,0.2855358538727044,29.840355,5.39682743644272,74.88196584935213,2,보통,0.5,0.0,0.0,0.0,1,100,1,매우 위험,168.9,0,179,-60,4,보통,43.95078900839908,위험
171,선정국제관광고등학교,은평구,18.022813528845933,72.71995691290161,53.4,23.9,19.0,2.5311013597006906,0.2855358538727044,29.840355,5.39682743644272,74.88196584935213,2,보통,0.5,0.0,0.5,1.0,1,40,4,보통,46.0,0,179,-60,4,보통,28.12722900839908,보통
172,선화예술고등학교,광진구,16.50469192659666,57.36940166237979,53.1,23.0,7.0,3.966529015431428,0.9240169735537362,30.66952,2.4994566398609,60.19373183370286,2,보통,0.5,0.0,0.0,0.0,5,100,1,매우 위험,150.0,0,233,-60,4,보통,37.22589857020619,위험
173,성남고등학교,동작구,9.306123276972544,37.65556693815866,53.1,17.0,4.0,3.170830372029197,0.4775621845131231,34.36506,1.9108792726590047,41.2546940816567,2,보통,0.5,1.0,1.0,0.5,0,0,0,매우 안전,306.95000000000005,0,103,-80,2,안전,-3.386428352266133,매우안전
174,성덕고등학교,강동구,14.148759196693478,48.66315663105181,52.6,19.8,15.0,4.690014354443052,0.769964042143294,33.3621,1.3340944911205153,55.14826653218568,2,보통,0.5,0.0,0.5,0.5,3,40,4,보통,111.65,0,278,-60,4,보통,19.09231264562896,안전
175,성동고등학교,중구,17.528284276901363,38.92644949805368,35.2,32.2,7.0,2.2498769598537574,0.5374834644792986,39.102235,10.96815017928707,35.48083657280671,0,낮음,0.5,0.0,0.0,0.5,9,80,3,위험,69.6,0,333,-60,4,보통,20.636777178166973,안전
176,성동공업고등학교,중구,17.528284276901363,38.92644949805368,35.2,32.2,7.0,2.2498769598537574,0.5374834644792986,39.102235,10.96815017928707,35.48083657280671,0,낮음,1.0,0.0,0.0,1.0,20,80,3,위험,687.85,2,213,-80,2,안전,15.068137178166973,매우안전
177,성동글로벌경영고등학교,중구,17.528284276901363,38.92644949805368,35.2,32.2,7.0,2.2498769598537574,0.5374834644792986,39.102235,10.96815017928707,35.48083657280671,0,낮음,0.0,0.0,0.0,0.0,19,80,3,위험,144.0,2,292,-100,1,매우 안전,9.499497178166967,매우안전
178,성보고등학교,관악구,13.034363868983618,52.35769818339811,58.0,20.0,64.0,3.023201664450904,1.1496001927457389,27.82525,3.560242457017959,77.86743315829996,4,높음,1.0,0.0,1.0,1.0,0,20,5,안전,657.15,1,268,-80,2,안전,18.650941332062374,안전
179,성수고등학교,성동구,11.548764487207524,37.51640061228952,47.1,33.3,15.0,2.795477403730747,0.5837023471098476,35.35332,1.91429430907649,38.34684585486745,3,매우낮음,0.0,0.0,0.0,1.0,0,40,4,보통,212.2,0,73,-20,0,매우 안전하지 않음,22.537196599884226,안전
180,성수공업고등학교,성동구,11.548764487207524,37.51640061228952,47.1,33.3,15.0,2.795477403730747,0.5837023471098476,35.35332,1.91429430907649,38.34684585486745,3,매우낮음,0.0,0.0,0.0,0.0,6,100,1,매우 위험,44.2,1,336,-100,1,매우 안전,16.086196599884225,매우안전
181,성신여자고등학교,성북구,15.267799937292963,53.43729978052538,49.3,38.8,12.0,2.114308650138409,0.2366660456549628,31.817815,1.910839616861492,50.47278696655239,2,보통,0.0,0.0,1.0,0.0,7,60,2,주의,250.0,0,154,-20,0,매우 안전하지 않음,33.36348173034028,보통
182,성심여자고등학교,용산구,10.66228375160672,37.886929220136125,52.7,23.2,0.0,2.7924311292480897,0.916619255325874,37.83427,4.755427269610609,38.59397973907843,3,매우낮음,0.0,0.0,0.0,0.0,3,100,1,매우 위험,100.0,0,68,-20,0,매우 안전하지 않음,38.47390487169915,위험
183,성암국제무역고등학교,강북구,30.07638078681134,100.64019724817642,52.9,23.4,28.0,4.989426661797553,1.1154701665438274,25.99556,2.8874979829977323,105.36993886865436,1,매우높음,0.0,0.0,0.0,0.0,7,100,1,매우 위험,95.8,1,142,-40,3,안전하지 않음,63.47810355150244,매우위험
184,세그루패션디자인고등학교,도봉구,27.773168051150225,85.26080789547018,56.2,29.7,16.0,5.916945070096262,0.8401879098525338,27.13315,1.5071463857792364,89.94662719895763,1,매우높음,0.0,0.0,0.0,0.0,0,100,1,매우 위험,113.8,1,72,-40,3,안전하지 않음,56.41666369002516,매우위험
185,세명컴퓨터고등학교,은평구,18.022813528845933,72.71995691290161,53.4,23.9,19.0,2.5311013597006906,0.2855358538727044,29.840355,5.39682743644272,74.88196584935213,2,보통,0.5,0.5,0.0,0.5,0,0,0,매우 안전,419.2,0,155,-80,2,안전,12.009549008399077,매우안전
186,세종과학고등학교,구로구,15.83709870050313,51.975126020091984,51.1,26.5,49.0,4.514844411515665,0.5302776676330382,28.90323,7.541278577476715,70.97225945894482,4,높음,0.0,0.0,1.0,0.0,0,60,2,주의,301.29999999999995,0,112,-80,2,안전,26.04308121520221,안전
187,세현고등학교,강서구,20.076996315767687,67.13030039602047,62.7,17.2,15.0,5.099762909135696,1.060769135240303,31.65221,2.591577629296631,77.83118571908382,1,매우높음,0.0,0.0,0.0,0.0,0,100,1,매우 위험,293.5,0,47,-80,2,안전,39.73242573199678,위험
188,세화고등학교,서초구,6.367636069174154,22.803345772250083,52.8,35.2,8.0,2.281247363155294,0.3604322303306124,46.570755,1.1933605757060717,20.295261744023893,3,매우낮음,0.0,0.0,0.0,0.0,1,100,1,매우 위험,250.0,1,156,-40,3,안전하지 않음,24.52734322740739,안전
189,세화여자고등학교,서초구,6.367636069174154,22.803345772250083,52.8,35.2,8.0,2.281247363155294,0.3604322303306124,46.570755,1.1933605757060717,20.295261744023893,3,매우낮음,0.0,0.0,0.0,0.0,1,100,1,매우 위험,92.8,1,156,-40,3,안전하지 않음,24.52734322740739,안전
190,송곡고등학교,중랑구,26.84461002590045,98.4217308649221,58.5,25.6,9.0,5.922469490308686,1.2163432299441586,25.60383,1.6750418760469012,98.7011022964834,1,매우높음,0.0,0.0,0.0,0.0,0,100,1,매우 위험,96.6,0,58,-20,0,매우 안전하지 않음,65.99347007762655,매우위험
191,송곡관광고등학교,중랑구,26.84461002590045,98.4217308649221,58.5,25.6,9.0,5.922469490308686,1.2163432299441586,25.60383,1.6750418760469012,98.7011022964834,1,매우높음,1.0,0.0,0.0,1.0,0,40,4,보통,45.7,0,47,-20,0,매우 안전하지 않음,50.16991007762656,매우위험
192,송곡여자고등학교,중랑구,26.84461002590045,98.4217308649221,58.5,25.6,9.0,5.922469490308686,1.2163432299441586,25.60383,1.6750418760469012,98.7011022964834,1,매우높음,1.0,0.0,1.0,1.0,0,20,5,안전,306.2,0,47,-80,2,안전,28.18947007762656,보통
193,수도여자고등학교,동작구,9.306123276972544,37.65556693815866,53.1,17.0,4.0,3.170830372029197,0.4775621845131231,34.36506,1.9108792726590047,41.2546940816567,2,보통,0.0,0.0,0.0,1.0,0,40,4,보통,0.2,0,111,-20,0,매우 안전하지 않음,23.868531647733867,안전
194,수도전기공업고등학교,강남구,6.136110078095947,30.717738936407585,44.9,34.7,2.0,2.146930105566124,1.1605925374984505,47.99007,1.3306654312834516,19.071216500868555,3,매우낮음,1.0,0.0,0.0,1.0,0,40,4,보통,245.0,0,141,-20,0,매우 안전하지 않음,13.712003905190665,매우안전
195,수락고등학교,노원구,15.516190047111737,82.9601550453834,45.7,18.5,9.0,4.978838358065423,0.4968158473574574,31.93595,2.2483718251221445,73.82736650264715,2,보통,1.0,0.0,1.0,1.0,0,20,5,안전,106.2,2,63,-40,3,안전하지 않음,27.938509134304983,보통
196,수명고등학교,강서구,20.076996315767687,67.13030039602047,62.7,17.2,15.0,5.099762909135696,1.060769135240303,31.65221,2.591577629296631,77.83118571908382,1,매우높음,0.5,0.0,0.0,0.0,0,100,1,매우 위험,33.45,1,21,-40,3,안전하지 않음,50.86970573199677,매우위험
197,숙명여자고등학교,강남구,6.136110078095947,30.717738936407585,44.9,34.7,2.0,2.146930105566124,1.1605925374984505,47.99007,1.3306654312834516,19.071216500868555,3,매우낮음,0.0,0.0,0.0,0.0,0,100,1,매우 위험,120.0,0,96,-20,0,매우 안전하지 않음,29.535563905190664,보통
198,숭문고등학교,마포구,12.781037587869635,35.38551728872998,53.7,29.8,2.0,3.686419392996614,0.9088444428013358,40.22976,1.875039063313819,36.21928010941029,3,매우낮음,0.0,0.0,0.0,0.0,1,100,1,매우 위험,100.0,0,170,-60,4,보통,26.24938764385264,안전
199,숭실고등학교,은평구,18.022813528845933,72.71995691290161,53.4,23.9,19.0,2.5311013597006906,0.2855358538727044,29.840355,5.39682743644272,74.88196584935213,2,보통,0.0,0.0,0.0,0.0,0,100,1,매우 위험,200.0,1,162,-40,3,안전하지 않음,49.51942900839907,매우위험
200,숭의여자고등학교,동작구,9.306123276972544,37.65556693815866,53.1,17.0,4.0,3.170830372029197,0.4775621845131231,34.36506,1.9108792726590047,41.2546940816567,2,보통,0.0,0.0,0.0,0.0,0,100,1,매우 위험,493.2000000000001,0,77,-80,2,안전,22.98617164773387,안전
201,신광여자고등학교,용산구,10.66228375160672,37.886929220136125,52.7,23.2,0.0,2.7924311292480897,0.916619255325874,37.83427,4.755427269610609,38.59397973907843,3,매우낮음,0.0,0.0,0.0,0.0,11,80,3,위험,155.0,0,72,-20,0,매우 안전하지 않음,33.19938487169915,보통
202,신도고등학교,은평구,18.022813528845933,72.71995691290161,53.4,23.9,19.0,2.5311013597006906,0.2855358538727044,29.840355,5.39682743644272,74.88196584935213,2,보통,0.0,0.0,0.0,0.0,0,100,1,매우 위험,105.0,0,99,-20,0,매우 안전하지 않음,55.088069008399074,매우위험
203,신도림고등학교,구로구,15.83709870050313,51.975126020091984,51.1,26.5,49.0,4.514844411515665,0.5302776676330382,28.90323,7.541278577476715,70.97225945894482,4,높음,0.0,0.0,0.0,0.0,0,100,1,매우 위험,103.3,0,127,-20,0,매우 안전하지 않음,53.29804121520222,매우위험
204,신림고등학교,관악구,13.034363868983618,52.35769818339811,58.0,20.0,64.0,3.023201664450904,1.1496001927457389,27.82525,3.560242457017959,77.86743315829996,4,높음,0.0,0.0,0.0,0.0,4,100,1,매우 위험,60.0,1,275,-100,1,매우 안전,34.180381332062375,보통
205,신목고등학교,양천구,15.982703163465317,58.27027195013396,62.8,13.5,6.0,4.280518811753725,0.4125165284088848,35.63309,2.47819510154163,65.10383413720601,2,보통,0.0,0.0,0.0,0.0,1,100,1,매우 위험,82.05000000000001,0,75,-20,0,매우 안전하지 않음,50.61122962904668,매우위험
206,신서고등학교,양천구,15.982703163465317,58.27027195013396,62.8,13.5,6.0,4.280518811753725,0.4125165284088848,35.63309,2.47819510154163,65.10383413720601,2,보통,0.5,0.0,0.25,0.75,1,40,4,보통,65.45,2,271,-100,1,매우 안전,12.513109629046674,매우안전
207,신일고등학교,강북구,30.07638078681134,100.64019724817642,52.9,23.4,28.0,4.989426661797553,1.1154701665438274,25.99556,2.8874979829977323,105.36993886865436,1,매우높음,1.0,0.3333333333333333,0.3333333333333333,0.3333333333333333,6,0,0,매우 안전,200.0,0,93,-20,0,매우 안전하지 않음,42.674143551502446,위험
208,신진과학기술고등학교,은평구,18.022813528845933,72.71995691290161,53.4,23.9,19.0,2.5311013597006906,0.2855358538727044,29.840355,5.39682743644272,74.88196584935213,2,보통,0.0,0.0,0.0,0.0,1,100,1,매우 위험,135.0,0,274,-60,4,보통,43.95078900839908,위험
209,신현고등학교,중랑구,26.84461002590045,98.4217308649221,58.5,25.6,9.0,5.922469490308686,1.2163432299441586,25.60383,1.6750418760469012,98.7011022964834,1,매우높음,1.0,0.5,1.0,0.5,0,20,5,안전,75.0,0,121,-20,0,매우 안전하지 않음,44.89539007762656,매우위험
210,압구정고등학교,강남구,6.136110078095947,30.717738936407585,44.9,34.7,2.0,2.146930105566124,1.1605925374984505,47.99007,1.3306654312834516,19.071216500868555,3,매우낮음,1.0,0.5,1.0,1.0,1,20,5,안전,20.7,1,88,-40,3,안전하지 않음,2.868843905190662,매우안전
211,양재고등학교,서초구,6.367636069174154,22.803345772250083,52.8,35.2,8.0,2.281247363155294,0.3604322303306124,46.570755,1.1933605757060717,20.295261744023893,3,매우낮음,1.0,0.0,0.5,1.0,0,20,5,안전,85.95,0,92,-20,0,매우 안전하지 않음,8.997903227407388,매우안전
212,양정고등학교,양천구,15.982703163465317,58.27027195013396,62.8,13.5,6.0,4.280518811753725,0.4125165284088848,35.63309,2.47819510154163,65.10383413720601,2,보통,0.0,0.0,0.0,0.0,0,100,1,매우 위험,235.0,0,75,-20,0,매우 안전하지 않음,50.61122962904668,매우위험
213,양천고등학교,양천구,15.982703163465317,58.27027195013396,62.8,13.5,6.0,4.280518811753725,0.4125165284088848,35.63309,2.47819510154163,65.10383413720601,2,보통,0.0,0.0,0.0,0.0,0,100,1,매우 위험,103.35,0,171,-60,4,보통,39.47394962904668,위험
214,언남고등학교,서초구,6.367636069174154,22.803345772250083,52.8,35.2,8.0,2.281247363155294,0.3604322303306124,46.570755,1.1933605757060717,20.295261744023893,3,매우낮음,0.0,1.0,0.0,1.0,0,0,0,매우 안전,103.4,0,327,-60,4,보통,-7.4138967725926115,매우안전
215,여의도고등학교,영등포구,9.553313977271594,25.866283536372432,39.2,40.5,17.0,3.276145648075097,0.6381347674113096,35.48012,3.242715590441678,25.401158874725976,3,매우낮음,1.0,0.0,0.0,1.0,0,40,4,보통,3.0,0,8,-20,0,매우 안전하지 않음,16.610117381522294,안전
216,여의도여자고등학교,영등포구,9.553313977271594,25.866283536372432,39.2,40.5,17.0,3.276145648075097,0.6381347674113096,35.48012,3.242715590441678,25.401158874725976,3,매우낮음,0.5,0.0,0.5,0.5,0,40,4,보통,125.0,0,15,-20,0,매우 안전하지 않음,16.610117381522294,안전
217,염광고등학교,노원구,15.516190047111737,82.9601550453834,45.7,18.5,9.0,4.978838358065423,0.4968158473574574,31.93595,2.2483718251221445,73.82736650264715,2,보통,1.0,0.0,0.0,1.0,0,40,4,보통,4.1,0,82,-20,0,매우 안전하지 않음,38.78166913430498,위험
218,염광여자메디텍고등학교,노원구,15.516190047111737,82.9601550453834,45.7,18.5,9.0,4.978838358065423,0.4968158473574574,31.93595,2.2483718251221445,73.82736650264715,2,보통,1.0,1.0,0.0,0.0,0,0,0,매우 안전,20.0,0,82,-20,0,매우 안전하지 않음,28.23262913430498,보통
219,영동고등학교,강남구,6.136110078095947,30.717738936407585,44.9,34.7,2.0,2.146930105566124,1.1605925374984505,47.99007,1.3306654312834516,19.071216500868555,3,매우낮음,1.0,0.0,0.0,1.0,0,40,4,보통,50.0,0,287,-60,4,보통,2.574723905190666,매우안전
220,영동일고등학교,송파구,10.58790749512399,41.94498203971595,61.9,21.3,10.0,4.6116942204603815,0.6739813092557589,39.69562,1.6667417451236544,48.71522932797662,3,매우낮음,1.0,0.5,0.0,0.5,2,0,0,매우 안전,233.35,0,79,-20,0,매우 안전하지 않음,16.735238025979477,안전
221,영등포고등학교,동작구,9.306123276972544,37.65556693815866,53.1,17.0,4.0,3.170830372029197,0.4775621845131231,34.36506,1.9108792726590047,41.2546940816567,2,보통,0.0,0.0,0.0,0.0,2,100,1,매우 위험,42.75,2,129,-40,3,안전하지 않음,34.12345164773387,보통
222,영등포공업고등학교,강서구,20.076996315767687,67.13030039602047,62.7,17.2,15.0,5.099762909135696,1.060769135240303,31.65221,2.591577629296631,77.83118571908382,1,매우높음,0.0,0.0,1.0,1.0,0,60,2,주의,24.25,0,21,-20,0,매우 안전하지 않음,45.88930573199678,매우위험
223,영등포여자고등학교,영등포구,9.553313977271594,25.866283536372432,39.2,40.5,17.0,3.276145648075097,0.6381347674113096,35.48012,3.242715590441678,25.401158874725976,3,매우낮음,0.0,0.0,0.0,0.0,10,80,3,위험,406.55,1,82,-80,2,안전,10.453237381522293,매우안전
224,영락고등학교,관악구,13.034363868983618,52.35769818339811,58.0,20.0,64.0,3.023201664450904,1.1496001927457389,27.82525,3.560242457017959,77.86743315829996,4,높음,0.5,0.5,0.0,0.0,0,0,0,매우 안전,138.1,0,209,-60,4,보통,18.945061332062373,안전
225,영락의료과학고등학교,관악구,13.034363868983618,52.35769818339811,58.0,20.0,64.0,3.023201664450904,1.1496001927457389,27.82525,3.560242457017959,77.86743315829996,4,높음,0.3333333333333333,0.3333333333333333,0.3333333333333333,0.3333333333333333,0,0,0,매우 안전,22.2,0,209,-60,4,보통,18.945061332062373,안전
226,영신간호비즈니스고등학교,노원구,15.516190047111737,82.9601550453834,45.7,18.5,9.0,4.978838358065423,0.4968158473574574,31.93595,2.2483718251221445,73.82736650264715,2,보통,0.0,0.5,0.0,0.0,0,0,0,매우 안전,472.2000000000001,0,69,-80,2,안전,11.52670913430498,매우안전
227,영신고등학교,영등포구,9.553313977271594,25.866283536372432,39.2,40.5,17.0,3.276145648075097,0.6381347674113096,35.48012,3.242715590441678,25.401158874725976,3,매우낮음,1.0,0.0,1.0,1.0,11,20,5,안전,111.5,1,123,-40,3,안전하지 않음,5.7669573815222925,매우안전
228,영신여자고등학교,노원구,15.516190047111737,82.9601550453834,45.7,18.5,9.0,4.978838358065423,0.4968158473574574,31.93595,2.2483718251221445,73.82736650264715,2,보통,0.0,0.0,0.0,0.0,0,100,1,매우 위험,128.6,0,69,-20,0,매우 안전하지 않음,54.60522913430498,매우위험
229,영일고등학교,강서구,20.076996315767687,67.13030039602047,62.7,17.2,15.0,5.099762909135696,1.060769135240303,31.65221,2.591577629296631,77.83118571908382,1,매우높음,1.0,0.0,0.5,1.0,1,20,5,안전,41.65,2,220,-100,1,매우 안전,13.06570573199678,매우안전
230,영파여자고등학교,송파구,10.58790749512399,41.94498203971595,61.9,21.3,10.0,4.6116942204603815,0.6739813092557589,39.69562,1.6667417451236544,48.71522932797662,3,매우낮음,0.0,0.0,0.0,0.0,0,100,1,매우 위험,462.15,0,192,-80,2,안전,26.40191802597948,보통
231,영훈고등학교,강북구,30.07638078681134,100.64019724817642,52.9,23.4,28.0,4.989426661797553,1.1154701665438274,25.99556,2.8874979829977323,105.36993886865436,1,매우높음,0.5,0.0,0.0,0.5,15,80,3,위험,125.0,1,133,-40,3,안전하지 않음,58.20358355150245,매우위험
232,예림디자인고등학교,구로구,15.83709870050313,51.975126020091984,51.1,26.5,49.0,4.514844411515665,0.5302776676330382,28.90323,7.541278577476715,70.97225945894482,4,높음,0.0,0.3333333333333333,0.6666666666666666,0.6666666666666666,0,60,2,주의,150.0,0,79,-20,0,매우 안전하지 않음,42.74900121520221,위험
233,예일디자인고등학교,은평구,18.022813528845933,72.71995691290161,53.4,23.9,19.0,2.5311013597006906,0.2855358538727044,29.840355,5.39682743644272,74.88196584935213,2,보통,0.0,0.0,0.0,0.0,0,100,1,매우 위험,162.5,0,253,-60,4,보통,43.95078900839908,위험
234,예일여자고등학교,은평구,18.022813528845933,72.71995691290161,53.4,23.9,19.0,2.5311013597006906,0.2855358538727044,29.840355,5.39682743644272,74.88196584935213,2,보통,0.0,0.3333333333333333,0.0,0.6666666666666666,0,0,0,매우 안전,54.7,0,253,-60,4,보통,17.57818900839908,안전
235,오금고등학교,송파구,10.58790749512399,41.94498203971595,61.9,21.3,10.0,4.6116942204603815,0.6739813092557589,39.69562,1.6667417451236544,48.71522932797662,3,매우낮음,0.0,0.0,0.0,0.0,0,100,1,매우 위험,22.5,1,90,-40,3,안전하지 않음,37.53919802597947,위험
236,오류고등학교,구로구,15.83709870050313,51.975126020091984,51.1,26.5,49.0,4.514844411515665,0.5302776676330382,28.90323,7.541278577476715,70.97225945894482,4,높음,1.0,0.0,0.0,1.0,0,40,4,보통,208.7,0,79,-20,0,매우 안전하지 않음,37.47448121520222,위험
237,오산고등학교,용산구,10.66228375160672,37.886929220136125,52.7,23.2,0.0,2.7924311292480897,0.916619255325874,37.83427,4.755427269610609,38.59397973907843,3,매우낮음,1.0,0.0,0.0,1.0,5,40,4,보통,101.7,1,51,-40,3,안전하지 않음,17.08170487169915,안전
238,용문고등학교,성북구,15.267799937292963,53.43729978052538,49.3,38.8,12.0,2.114308650138409,0.2366660456549628,31.817815,1.910839616861492,50.47278696655239,2,보통,1.0,1.0,1.0,1.0,0,0,0,매우 안전,80.0,0,94,-20,0,매우 안전하지 않음,17.539921730340282,안전
239,용산고등학교,용산구,10.66228375160672,37.886929220136125,52.7,23.2,0.0,2.7924311292480897,0.916619255325874,37.83427,4.755427269610609,38.59397973907843,3,매우낮음,1.0,0.0,1.0,1.0,0,20,5,안전,284.6,1,82,-40,3,안전하지 않음,11.807184871699146,매우안전
240,용산철도고등학교,용산구,10.66228375160672,37.886929220136125,52.7,23.2,0.0,2.7924311292480897,0.916619255325874,37.83427,4.755427269610609,38.59397973907843,3,매우낮음,1.0,0.0,0.0,1.0,4,40,4,보통,450.0,1,39,-80,2,안전,5.944424871699148,매우안전
241,용화여자고등학교,노원구,15.516190047111737,82.9601550453834,45.7,18.5,9.0,4.978838358065423,0.4968158473574574,31.93595,2.2483718251221445,73.82736650264715,2,보통,0.0,0.0,0.0,0.0,3,100,1,매우 위험,381.2,0,52,-80,2,안전,37.89930913430498,위험
242,우신고등학교,구로구,15.83709870050313,51.975126020091984,51.1,26.5,49.0,4.514844411515665,0.5302776676330382,28.90323,7.541278577476715,70.97225945894482,4,높음,1.0,0.0,0.5,0.5,0,20,5,안전,100.0,0,137,-20,0,매우 안전하지 않음,32.199961215202215,보통
243,원묵고등학교,중랑구,26.84461002590045,98.4217308649221,58.5,25.6,9.0,5.922469490308686,1.2163432299441586,25.60383,1.6750418760469012,98.7011022964834,1,매우높음,0.0,0.0,0.0,0.0,0,100,1,매우 위험,13.25,1,99,-40,3,안전하지 않음,60.42483007762655,매우위험
244,월계고등학교,노원구,15.516190047111737,82.9601550453834,45.7,18.5,9.0,4.978838358065423,0.4968158473574574,31.93595,2.2483718251221445,73.82736650264715,2,보통,0.0,0.0,0.0,0.0,0,100,1,매우 위험,57.7,0,83,-20,0,매우 안전하지 않음,54.60522913430498,매우위험
245,유한공업고등학교,구로구,15.83709870050313,51.975126020091984,51.1,26.5,49.0,4.514844411515665,0.5302776676330382,28.90323,7.541278577476715,70.97225945894482,4,높음,0.5,0.5,0.5,0.5,0,0,0,매우 안전,120.0,0,56,-20,0,매우 안전하지 않음,26.925441215202213,보통
246,은광여자고등학교,강남구,6.136110078095947,30.717738936407585,44.9,34.7,2.0,2.146930105566124,1.1605925374984505,47.99007,1.3306654312834516,19.071216500868555,3,매우낮음,1.0,0.0,1.0,0.0,1,20,5,안전,150.0,1,274,-100,1,매우 안전,-13.83707609480934,매우안전
247,은평고등학교,은평구,18.022813528845933,72.71995691290161,53.4,23.9,19.0,2.5311013597006906,0.2855358538727044,29.840355,5.39682743644272,74.88196584935213,2,보통,1.0,0.0,1.0,1.0,0,20,5,안전,120.0,0,116,-20,0,매우 안전하지 않음,33.98998900839908,보통
248,은평메디텍고등학교,은평구,18.022813528845933,72.71995691290161,53.4,23.9,19.0,2.5311013597006906,0.2855358538727044,29.840355,5.39682743644272,74.88196584935213,2,보통,0.0,1.0,0.0,0.0,0,0,0,매우 안전,114.55,0,56,-20,0,매우 안전하지 않음,28.71546900839908,보통
249,이화여자고등학교,중구,17.528284276901363,38.92644949805368,35.2,32.2,7.0,2.2498769598537574,0.5374834644792986,39.102235,10.96815017928707,35.48083657280671,0,낮음,0.0,0.0,0.0,0.0,2,100,1,매우 위험,1.1,1,86,-40,3,안전하지 않음,31.479937178166967,보통
250,이화여자대학교병설미디어고등학교,중랑구,26.84461002590045,98.4217308649221,58.5,25.6,9.0,5.922469490308686,1.2163432299441586,25.60383,1.6750418760469012,98.7011022964834,1,매우높음,0.0,0.0,0.0,0.0,4,100,1,매우 위험,100.0,0,143,-20,0,매우 안전하지 않음,65.99347007762655,매우위험
251,이화여자대학교사범대학부속이화금란고등학교,서대문구,16.758590757748077,47.709712062700575,46.9,20.2,5.0,3.5015530204069782,0.5042361113311095,39.43923,1.7417051293216057,46.19379882574886,2,보통,0.0,0.0,0.0,0.0,0,100,1,매우 위험,200.0,0,59,-20,0,매우 안전하지 않음,41.95342124197851,위험
252,이화여자외국어고등학교,중구,17.528284276901363,38.92644949805368,35.2,32.2,7.0,2.2498769598537574,0.5374834644792986,39.102235,10.96815017928707,35.48083657280671,0,낮음,0.0,0.0,0.0,0.0,4,100,1,매우 위험,101.65,0,99,-20,0,매우 안전하지 않음,37.048577178166965,위험
253,인덕과학기술고등학교,노원구,15.516190047111737,82.9601550453834,45.7,18.5,9.0,4.978838358065423,0.4968158473574574,31.93595,2.2483718251221445,73.82736650264715,2,보통,1.0,0.0,0.3333333333333333,1.0,0,40,4,보통,275.0,0,98,-80,2,안전,22.075749134304974,안전
254,인창고등학교,서대문구,16.758590757748077,47.709712062700575,46.9,20.2,5.0,3.5015530204069782,0.5042361113311095,39.43923,1.7417051293216057,46.19379882574886,2,보통,0.0,0.0,0.0,0.0,5,100,1,매우 위험,83.35,0,170,-60,4,보통,30.816141241978517,보통
255,인헌고등학교,관악구,13.034363868983618,52.35769818339811,58.0,20.0,64.0,3.023201664450904,1.1496001927457389,27.82525,3.560242457017959,77.86743315829996,4,높음,0.0,0.0,0.0,0.0,0,100,1,매우 위험,292.2,0,210,-60,4,보통,45.31766133206238,매우위험
256,일신여자상업고등학교,송파구,10.58790749512399,41.94498203971595,61.9,21.3,10.0,4.6116942204603815,0.6739813092557589,39.69562,1.6667417451236544,48.71522932797662,3,매우낮음,0.3333333333333333,0.0,0.6666666666666666,0.6666666666666666,2,60,2,주의,100.0,0,121,-20,0,매우 안전하지 않음,32.55879802597947,보통
257,자양고등학교,광진구,16.50469192659666,57.36940166237979,53.1,23.0,7.0,3.966529015431428,0.9240169735537362,30.66952,2.4994566398609,60.19373183370286,2,보통,0.0,0.0,0.0,0.0,1,100,1,매우 위험,163.6,2,249,-100,1,매우 안전,26.088618570206187,안전
258,자운고등학교,도봉구,27.773168051150225,85.26080789547018,56.2,29.7,16.0,5.916945070096262,0.8401879098525338,27.13315,1.5071463857792364,89.94662719895763,1,매우높음,1.0,0.0,1.0,1.0,0,20,5,안전,9.45,0,41,-20,0,매우 안전하지 않음,40.88722369002516,위험
259,잠신고등학교,송파구,10.58790749512399,41.94498203971595,61.9,21.3,10.0,4.6116942204603815,0.6739813092557589,39.69562,1.6667417451236544,48.71522932797662,3,매우낮음,0.0,0.0,0.0,0.0,0,100,1,매우 위험,4.7,0,29,-20,0,매우 안전하지 않음,43.10783802597948,위험
260,잠실고등학교,송파구,10.58790749512399,41.94498203971595,61.9,21.3,10.0,4.6116942204603815,0.6739813092557589,39.69562,1.6667417451236544,48.71522932797662,3,매우낮음,0.0,0.0,0.0,0.0,0,100,1,매우 위험,550.0,0,52,-80,2,안전,26.40191802597948,보통
261,잠실여자고등학교,송파구,10.58790749512399,41.94498203971595,61.9,21.3,10.0,4.6116942204603815,0.6739813092557589,39.69562,1.6667417451236544,48.71522932797662,3,매우낮음,0.0,0.0,0.0,0.0,2,100,1,매우 위험,210.0,0,121,-20,0,매우 안전하지 않음,43.10783802597948,위험
262,잠일고등학교,송파구,10.58790749512399,41.94498203971595,61.9,21.3,10.0,4.6116942204603815,0.6739813092557589,39.69562,1.6667417451236544,48.71522932797662,3,매우낮음,0.0,1.0,0.0,0.0,11,0,0,매우 안전,200.0,1,28,-40,3,안전하지 않음,11.166598025979477,매우안전
263,장충고등학교,중구,17.528284276901363,38.92644949805368,35.2,32.2,7.0,2.2498769598537574,0.5374834644792986,39.102235,10.96815017928707,35.48083657280671,0,낮음,0.0,1.0,0.0,0.0,4,0,0,매우 안전,284.2,0,214,-60,4,보통,-0.4613028218330299,매우안전
264,장훈고등학교,영등포구,9.553313977271594,25.866283536372432,39.2,40.5,17.0,3.276145648075097,0.6381347674113096,35.48012,3.242715590441678,25.401158874725976,3,매우낮음,0.0,0.0,0.0,0.0,12,80,3,위험,10.9,1,134,-40,3,안전하지 않음,21.590517381522293,안전
265,재현고등학교,노원구,15.516190047111737,82.9601550453834,45.7,18.5,9.0,4.978838358065423,0.4968158473574574,31.93595,2.2483718251221445,73.82736650264715,2,보통,0.5,0.0,0.5,0.5,0,40,4,보통,291.65,0,40,-80,2,안전,22.075749134304974,안전
266,정신여자고등학교,송파구,10.58790749512399,41.94498203971595,61.9,21.3,10.0,4.6116942204603815,0.6739813092557589,39.69562,1.6667417451236544,48.71522932797662,3,매우낮음,1.0,0.0,1.0,1.0,0,20,5,안전,130.7,0,40,-20,0,매우 안전하지 않음,22.009758025979476,안전
267,정의여자고등학교,도봉구,27.773168051150225,85.26080789547018,56.2,29.7,16.0,5.916945070096262,0.8401879098525338,27.13315,1.5071463857792364,89.94662719895763,1,매우높음,0.0,0.0,0.0,0.0,2,100,1,매우 위험,8.6,0,116,-20,0,매우 안전하지 않음,61.98530369002516,매우위험
268,정화여자상업고등학교,동대문구,17.442884496286997,53.49340636239155,46.3,22.0,16.0,4.093671836552462,0.90907541348727,30.11303,3.3485030669244,58.57481779644922,2,보통,0.0,0.0,0.0,0.0,19,80,3,위험,180.95,2,163,-100,1,매우 안전,20.072891729561903,안전
269,중경고등학교,용산구,10.66228375160672,37.886929220136125,52.7,23.2,0.0,2.7924311292480897,0.916619255325874,37.83427,4.755427269610609,38.59397973907843,3,매우낮음,0.5,0.5,0.0,0.5,0,0,0,매우 안전,62.85,0,28,-20,0,매우 안전하지 않음,12.101304871699147,매우안전
270,중동고등학교,강남구,6.136110078095947,30.717738936407585,44.9,34.7,2.0,2.146930105566124,1.1605925374984505,47.99007,1.3306654312834516,19.071216500868555,3,매우낮음,0.0,0.0,0.0,0.0,0,100,1,매우 위험,155.0,1,214,-100,1,매우 안전,7.2610039051906625,매우안전
271,중산고등학교,강남구,6.136110078095947,30.717738936407585,44.9,34.7,2.0,2.146930105566124,1.1605925374984505,47.99007,1.3306654312834516,19.071216500868555,3,매우낮음,0.0,0.0,0.0,0.0,0,100,1,매우 위험,500.0,0,98,-80,2,안전,12.829643905190665,매우안전
272,중앙고등학교,종로구,17.296425622118615,27.635266501505303,38.2,53.5,17.0,0.997552178228088,0.321508329233199,23.05023333333333,6.249166777762965,32.34150469437501,0,낮음,1.0,0.0,1.0,1.0,2,20,5,안전,14.15,0,60,-20,0,매우 안전하지 않음,14.513179192282047,매우안전
273,중앙대학교사범대학부속고등학교,강남구,6.136110078095947,30.717738936407585,44.9,34.7,2.0,2.146930105566124,1.1605925374984505,47.99007,1.3306654312834516,19.071216500868555,3,매우낮음,0.0,0.0,0.0,0.0,0,100,1,매우 위험,5.6,0,99,-20,0,매우 안전하지 않음,29.535563905190664,보통
274,중앙여자고등학교,서대문구,16.758590757748077,47.709712062700575,46.9,20.2,5.0,3.5015530204069782,0.5042361113311095,39.43923,1.7417051293216057,46.19379882574886,2,보통,1.0,0.0,1.0,1.0,0,20,5,안전,163.6,0,153,-20,0,매우 안전하지 않음,20.855341241978508,안전
275,중화고등학교,중랑구,26.84461002590045,98.4217308649221,58.5,25.6,9.0,5.922469490308686,1.2163432299441586,25.60383,1.6750418760469012,98.7011022964834,1,매우높음,0.5,0.5,0.0,0.5,0,0,0,매우 안전,626.4,0,161,-80,2,안전,22.91495007762656,안전
276,진관고등학교,은평구,18.022813528845933,72.71995691290161,53.4,23.9,19.0,2.5311013597006906,0.2855358538727044,29.840355,5.39682743644272,74.88196584935213,2,보통,0.0,0.0,0.0,0.0,0,100,1,매우 위험,127.0,1,41,-40,3,안전하지 않음,49.51942900839907,매우위험
277,진명여자고등학교,양천구,15.982703163465317,58.27027195013396,62.8,13.5,6.0,4.280518811753725,0.4125165284088848,35.63309,2.47819510154163,65.10383413720601,2,보통,0.0,0.0,1.0,1.0,0,60,2,주의,3.3,1,168,-40,3,안전하지 않음,34.49354962904667,보통
278,진선여자고등학교,강남구,6.136110078095947,30.717738936407585,44.9,34.7,2.0,2.146930105566124,1.1605925374984505,47.99007,1.3306654312834516,19.071216500868555,3,매우낮음,0.0,0.0,0.0,0.0,4,100,1,매우 위험,10.0,1,207,-100,1,매우 안전,7.2610039051906625,매우안전
279,창덕여자고등학교,송파구,10.58790749512399,41.94498203971595,61.9,21.3,10.0,4.6116942204603815,0.6739813092557589,39.69562,1.6667417451236544,48.71522932797662,3,매우낮음,0.0,0.0,1.0,0.0,0,60,2,주의,43.8,0,10,-20,0,매우 안전하지 않음,32.55879802597947,보통
280,창동고등학교,도봉구,27.773168051150225,85.26080789547018,56.2,29.7,16.0,5.916945070096262,0.8401879098525338,27.13315,1.5071463857792364,89.94662719895763,1,매우높음,1.0,1.0,1.0,1.0,2,0,0,매우 안전,215.0,0,140,-20,0,매우 안전하지 않음,35.61270369002516,위험
281,창문여자고등학교,강북구,30.07638078681134,100.64019724817642,52.9,23.4,28.0,4.989426661797553,1.1154701665438274,25.99556,2.8874979829977323,105.36993886865436,1,매우높음,0.0,0.0,0.0,0.0,14,80,3,위험,520.0,0,186,-80,2,안전,47.06630355150245,매우위험
282,청담고등학교,강남구,6.136110078095947,30.717738936407585,44.9,34.7,2.0,2.146930105566124,1.1605925374984505,47.99007,1.3306654312834516,19.071216500868555,3,매우낮음,0.0,0.0,1.0,0.0,1,60,2,주의,115.85,0,148,-20,0,매우 안전하지 않음,18.98652390519066,안전
283,청량고등학교,동대문구,17.442884496286997,53.49340636239155,46.3,22.0,16.0,4.093671836552462,0.90907541348727,30.11303,3.3485030669244,58.57481779644922,2,보통,0.0,0.0,0.0,0.0,3,100,1,매우 위험,128.4,2,217,-100,1,매우 안전,25.347411729561905,안전
284,청원고등학교,노원구,15.516190047111737,82.9601550453834,45.7,18.5,9.0,4.978838358065423,0.4968158473574574,31.93595,2.2483718251221445,73.82736650264715,2,보통,0.6666666666666666,0.3333333333333333,0.0,1.0,0,40,4,보통,233.35,1,91,-40,3,안전하지 않음,33.213029134304975,보통
285,청원여자고등학교,노원구,15.516190047111737,82.9601550453834,45.7,18.5,9.0,4.978838358065423,0.4968158473574574,31.93595,2.2483718251221445,73.82736650264715,2,보통,0.0,0.0,0.0,0.0,0,100,1,매우 위험,43.2,1,91,-40,3,안전하지 않음,49.036589134304975,매우위험
286,충암고등학교,은평구,18.022813528845933,72.71995691290161,53.4,23.9,19.0,2.5311013597006906,0.2855358538727044,29.840355,5.39682743644272,74.88196584935213,2,보통,0.0,0.0,0.0,0.0,2,100,1,매우 위험,150.0,0,296,-60,4,보통,43.95078900839908,위험
287,태릉고등학교,중랑구,26.84461002590045,98.4217308649221,58.5,25.6,9.0,5.922469490308686,1.2163432299441586,25.60383,1.6750418760469012,98.7011022964834,1,매우높음,0.0,1.0,1.0,0.0,0,0,0,매우 안전,44.4,0,120,-20,0,매우 안전하지 않음,39.62087007762656,위험
288,풍문고등학교,강남구,6.136110078095947,30.717738936407585,44.9,34.7,2.0,2.146930105566124,1.1605925374984505,47.99007,1.3306654312834516,19.071216500868555,3,매우낮음,1.0,0.0,0.0,1.0,1,40,4,보통,138.9,0,135,-20,0,매우 안전하지 않음,13.712003905190665,매우안전
289,하나고등학교,은평구,18.022813528845933,72.71995691290161,53.4,23.9,19.0,2.5311013597006906,0.2855358538727044,29.840355,5.39682743644272,74.88196584935213,2,보통,0.0,0.0,0.0,0.0,0,100,1,매우 위험,55.0,0,52,-20,0,매우 안전하지 않음,55.088069008399074,매우위험
290,한가람고등학교,양천구,15.982703163465317,58.27027195013396,62.8,13.5,6.0,4.280518811753725,0.4125165284088848,35.63309,2.47819510154163,65.10383413720601,2,보통,0.25,0.0,0.25,0.25,0,100,1,매우 위험,175.0,0,74,-20,0,매우 안전하지 않음,50.61122962904668,매우위험
291,한강미디어고등학교,영등포구,9.553313977271594,25.866283536372432,39.2,40.5,17.0,3.276145648075097,0.6381347674113096,35.48012,3.242715590441678,25.401158874725976,3,매우낮음,0.0,0.0,0.0,0.0,4,100,1,매우 위험,0.1,0,39,-20,0,매우 안전하지 않음,32.43367738152229,보통
292,한광고등학교,강서구,20.076996315767687,67.13030039602047,62.7,17.2,15.0,5.099762909135696,1.060769135240303,31.65221,2.591577629296631,77.83118571908382,1,매우높음,0.0,0.0,0.0,0.0,0,100,1,매우 위험,131.45,0,130,-20,0,매우 안전하지 않음,56.438345731996776,매우위험
293,한국삼육고등학교,노원구,15.516190047111737,82.9601550453834,45.7,18.5,9.0,4.978838358065423,0.4968158473574574,31.93595,2.2483718251221445,73.82736650264715,2,보통,0.6666666666666666,0.0,0.3333333333333333,1.0,0,40,4,보통,150.0,0,5,-20,0,매우 안전하지 않음,38.78166913430498,위험
294,한서고등학교,강서구,20.076996315767687,67.13030039602047,62.7,17.2,15.0,5.099762909135696,1.060769135240303,31.65221,2.591577629296631,77.83118571908382,1,매우높음,0.0,0.0,0.0,0.0,3,100,1,매우 위험,450.0,0,56,-80,2,안전,39.73242573199678,위험
295,한성고등학교,서대문구,16.758590757748077,47.709712062700575,46.9,20.2,5.0,3.5015530204069782,0.5042361113311095,39.43923,1.7417051293216057,46.19379882574886,2,보통,0.3333333333333333,0.3333333333333333,0.3333333333333333,0.6666666666666666,2,0,0,매우 안전,44.4,0,207,-60,4,보통,4.443541241978512,매우안전
296,한성과학고등학교,서대문구,16.758590757748077,47.709712062700575,46.9,20.2,5.0,3.5015530204069782,0.5042361113311095,39.43923,1.7417051293216057,46.19379882574886,2,보통,0.0,1.0,1.0,0.0,0,0,0,매우 안전,61.8,0,65,-20,0,매우 안전하지 않음,15.58082124197851,매우안전
297,한성여자고등학교,성북구,15.267799937292963,53.43729978052538,49.3,38.8,12.0,2.114308650138409,0.2366660456549628,31.817815,1.910839616861492,50.47278696655239,2,보통,0.0,0.0,0.0,0.0,0,100,1,매우 위험,533.3,0,134,-80,2,안전,27.20660173034028,보통
298,한세사이버보안고등학교,마포구,12.781037587869635,35.38551728872998,53.7,29.8,2.0,3.686419392996614,0.9088444428013358,40.22976,1.875039063313819,36.21928010941029,3,매우낮음,1.0,0.0,0.0,1.0,1,40,4,보통,10.0,1,125,-40,3,안전하지 않음,15.99446764385263,매우안전
299,한양공업고등학교,중구,17.528284276901363,38.92644949805368,35.2,32.2,7.0,2.2498769598537574,0.5374834644792986,39.102235,10.96815017928707,35.48083657280671,0,낮음,0.0,0.0,0.0,0.0,22,80,3,위험,360.0,2,278,-100,1,매우 안전,9.499497178166967,매우안전
300,한양대학교사범대학부속고등학교,성동구,11.548764487207524,37.51640061228952,47.1,33.3,15.0,2.795477403730747,0.5837023471098476,35.35332,1.91429430907649,38.34684585486745,3,매우낮음,0.25,0.0,0.25,0.5,1,40,4,보통,205.9,1,329,-100,1,매우 안전,0.2626365998842246,매우안전
301,한영고등학교,강동구,14.148759196693478,48.66315663105181,52.6,19.8,15.0,4.690014354443052,0.769964042143294,33.3621,1.3340944911205153,55.14826653218568,2,보통,0.0,0.0,0.0,0.0,1,100,1,매우 위험,211.2,0,71,-20,0,매우 안전하지 않음,46.05315264562896,매우위험
302,한영외국어고등학교,강동구,14.148759196693478,48.66315663105181,52.6,19.8,15.0,4.690014354443052,0.769964042143294,33.3621,1.3340944911205153,55.14826653218568,2,보통,0.0,0.0,0.0,0.0,1,100,1,매우 위험,35.0,0,71,-20,0,매우 안전하지 않음,46.05315264562896,매우위험
303,해성국제컨벤션고등학교,동대문구,17.442884496286997,53.49340636239155,46.3,22.0,16.0,4.093671836552462,0.90907541348727,30.11303,3.3485030669244,58.57481779644922,2,보통,0.0,1.0,0.0,1.0,3,0,0,매우 안전,240.0,0,193,-60,4,보통,10.112091729561904,매우안전
304,해성여자고등학교,동대문구,17.442884496286997,53.49340636239155,46.3,22.0,16.0,4.093671836552462,0.90907541348727,30.11303,3.3485030669244,58.57481779644922,2,보통,1.0,0.0,0.0,1.0,3,40,4,보통,120.0,0,193,-60,4,보통,20.66113172956191,안전
305,현대고등학교,강남구,6.136110078095947,30.717738936407585,44.9,34.7,2.0,2.146930105566124,1.1605925374984505,47.99007,1.3306654312834516,19.071216500868555,3,매우낮음,0.0,0.0,0.0,0.0,1,100,1,매우 위험,420.0,0,142,-80,2,안전,12.829643905190665,매우안전
306,혜성여자고등학교,노원구,15.516190047111737,82.9601550453834,45.7,18.5,9.0,4.978838358065423,0.4968158473574574,31.93595,2.2483718251221445,73.82736650264715,2,보통,0.0,0.0,0.0,0.0,0,100,1,매우 위험,62.2,1,67,-40,3,안전하지 않음,49.036589134304975,매우위험
307,혜원여자고등학교,중랑구,26.84461002590045,98.4217308649221,58.5,25.6,9.0,5.922469490308686,1.2163432299441586,25.60383,1.6750418760469012,98.7011022964834,1,매우높음,0.0,0.0,0.0,0.0,9,80,3,위험,111.5,0,294,-60,4,보통,49.58167007762656,매우위험
308,혜화여자고등학교,강북구,30.07638078681134,100.64019724817642,52.9,23.4,28.0,4.989426661797553,1.1154701665438274,25.99556,2.8874979829977323,105.36993886865436,1,매우높음,0.0,0.0,0.0,0.0,3,100,1,매우 위험,150.0,1,109,-40,3,안전하지 않음,63.47810355150244,매우위험
309,홍익대학교사범대학부속고등학교,성북구,15.267799937292963,53.43729978052538,49.3,38.8,12.0,2.114308650138409,0.2366660456549628,31.817815,1.910839616861492,50.47278696655239,2,보통,0.0,0.0,0.0,0.0,0,100,1,매우 위험,50.0,1,128,-40,3,안전하지 않음,38.343881730340286,위험
310,홍익대학교사범대학부속여자고등학교,마포구,12.781037587869635,35.38551728872998,53.7,29.8,2.0,3.686419392996614,0.9088444428013358,40.22976,1.875039063313819,36.21928010941029,3,매우낮음,0.5,0.5,0.5,0.5,4,0,0,매우 안전,350.0,0,121,-80,2,안전,-5.691852356147372,매우안전
311,홍익디자인고등학교,마포구,12.781037587869635,35.38551728872998,53.7,29.8,2.0,3.686419392996614,0.9088444428013358,40.22976,1.875039063313819,36.21928010941029,3,매우낮음,0.0,0.0,0.0,0.0,3,100,1,매우 위험,40.0,0,148,-20,0,매우 안전하지 않음,37.38666764385263,위험
312,화곡고등학교,강서구,20.076996315767687,67.13030039602047,62.7,17.2,15.0,5.099762909135696,1.060769135240303,31.65221,2.591577629296631,77.83118571908382,1,매우높음,0.0,0.0,0.0,0.0,0,100,1,매우 위험,42.0,1,74,-40,3,안전하지 않음,50.86970573199677,매우위험
313,화곡보건경영고등학교,강서구,20.076996315767687,67.13030039602047,62.7,17.2,15.0,5.099762909135696,1.060769135240303,31.65221,2.591577629296631,77.83118571908382,1,매우높음,0.5,0.25,0.25,0.25,0,40,4,보통,39.0,1,96,-40,3,안전하지 않음,35.04614573199677,보통
314,환일고등학교,중구,17.528284276901363,38.92644949805368,35.2,32.2,7.0,2.2498769598537574,0.5374834644792986,39.102235,10.96815017928707,35.48083657280671,0,낮음,0.0,0.0,0.0,0.0,3,100,1,매우 위험,50.0,0,184,-60,4,보통,25.91129717816697,안전
315,효문고등학교,도봉구,27.773168051150225,85.26080789547018,56.2,29.7,16.0,5.916945070096262,0.8401879098525338,27.13315,1.5071463857792364,89.94662719895763,1,매우높음,0.0,0.0,0.0,1.0,0,40,4,보통,263.6,0,109,-20,0,매우 안전하지 않음,46.16174369002516,매우위험
316,휘경공업고등학교,동대문구,17.442884496286997,53.49340636239155,46.3,22.0,16.0,4.093671836552462,0.90907541348727,30.11303,3.3485030669244,58.57481779644922,2,보통,1.0,0.0,0.0,0.0,0,40,4,보통,187.9,1,99,-40,3,안전하지 않음,26.229771729561907,안전
317,휘경여자고등학교,동대문구,17.442884496286997,53.49340636239155,46.3,22.0,16.0,4.093671836552462,0.90907541348727,30.11303,3.3485030669244,58.57481779644922,2,보통,0.0,0.0,0.0,0.0,1,100,1,매우 위험,44.8,1,136,-40,3,안전하지 않음,42.053331729561904,위험
318,휘문고등학교,강남구,6.136110078095947,30.717738936407585,44.9,34.7,2.0,2.146930105566124,1.1605925374984505,47.99007,1.3306654312834516,19.071216500868555,3,매우낮음,1.0,0.0,0.0,0.0,0,40,4,보통,4.6,0,191,-60,4,보통,2.574723905190666,매우안전
319,휘봉고등학교,동대문구,17.442884496286997,53.49340636239155,46.3,22.0,16.0,4.093671836552462,0.90907541348727,30.11303,3.3485030669244,58.57481779644922,2,보통,0.5,0.5,0.5,0.5,0,0,0,매우 안전,6.3,1,89,-40,3,안전하지 않음,15.680731729561902,매우안전
