"202112","ETC",524927,179111,93027,246632,6157,910,16140,32368,5253,470256,1221,296,4,91,549,1435,521331,59078,68851,66903,85542,85242,89421,69890,0,0
"202112","무주",239,125,49,65,0,0,60,112,24,43,1,0,0,0,1,5,232,33,38,35,24,42,30,37,0,0
"202112","서울노원",7554,3774,2047,1733,0,108,1832,3948,704,962,186,29,0,18,53,197,7071,950,929,943,1173,1241,1223,1095,3193595,523005
"202112","진천",932,516,236,180,0,1,217,551,53,110,20,2,0,1,8,31,870,108,106,126,131,146,173,142,0,0
"202112","삼척",1081,560,328,193,0,13,213,554,151,150,21,9,0,0,6,39,1006,143,121,120,196,176,161,164,0,0
"202112","곡성",351,170,90,91,0,0,76,170,48,57,3,0,0,0,4,8,336,39,41,46,83,46,52,44,0,0
"202112","가평",1146,602,309,235,0,11,298,601,82,154,21,6,0,0,9,53,1057,123,118,144,180,187,210,184,0,0
"202112","예천",410,216,96,98,0,0,76,231,47,56,2,0,0,0,1,8,399,35,48,58,56,74,89,50,0,0
"202112","구리",3274,1846,926,502,0,55,863,1782,193,381,50,27,0,7,20,126,3044,393,377,414,541,524,547,478,0,0
"202112","청도",705,287,158,260,0,3,87,351,52,212,5,1,0,0,1,10,688,107,98,62,101,124,100,113,0,0
"202112","의성",477,226,134,117,0,1,75,284,64,53,9,0,0,1,8,3,456,43,66,65,85,78,96,44,0,0
"202112","일산동부",5198,2763,1456,979,0,60,1519,2536,554,529,76,42,0,10,41,193,4836,624,629,552,908,834,951,700,0,0
"202112","용인서부",4414,2119,1442,853,0,46,1257,1989,594,528,141,19,0,7,45,79,4123,457,496,576,657,759,792,677,0,0
"202112","서울양천",7036,3190,2481,1365,0,112,1526,3290,605,1503,123,23,0,11,37,166,6676,830,922,943,1109,1124,1166,942,3563309,453832
"202112","안성",3779,1978,1089,712,0,41,1075,1806,306,551,110,24,0,13,33,103,3496,419,541,451,588,562,682,536,0,0
"202112","안산상록",6446,3337,2081,1028,0,86,1658,3561,538,603,172,58,0,9,47,193,5967,856,759,730,987,1029,1091,994,0,0
"202112","경상남도고성",739,349,228,162,0,17,124,381,120,97,10,2,0,2,3,12,710,87,93,102,114,111,124,108,0,0
"202112","화천",295,134,73,88,0,5,58,131,56,45,4,0,0,0,3,3,285,30,49,48,42,47,35,44,0,0
"202112","충북청",140,70,51,19,0,1,95,37,7,0,1,1,0,1,25,0,112,25,23,18,22,16,19,17,0,0
"202112","장수",229,110,60,59,0,2,50,116,24,37,3,1,0,0,2,7,216,20,43,36,37,45,38,10,0,0
"202112","부산해운대",6468,3389,2053,1026,0,100,1278,4063,475,552,172,62,0,15,73,201,5945,774,799,837,994,1093,1075,896,0,0
"202112","하동",604,299,195,110,0,13,108,363,74,46,1,3,0,0,5,13,582,71,68,69,118,93,116,69,0,0
"202112","울산청",53,32,16,5,0,4,28,17,4,0,0,0,0,0,10,0,43,7,4,10,10,6,9,7,0,0
"202112","여주",2391,1311,668,412,0,17,590,1017,537,230,60,6,0,1,15,49,2260,265,313,269,406,384,434,320,0,0
"202112","양구",321,107,148,66,0,2,46,126,18,129,7,0,0,0,1,9,304,28,35,26,52,47,91,42,0,0
"202112","인천중부",5189,2763,1478,948,0,50,1099,3150,467,423,90,31,0,5,66,153,4844,595,632,645,810,813,866,828,0,0
"202112","단양",258,129,66,63,0,0,58,149,17,34,8,1,0,0,2,9,238,30,23,45,42,37,43,38,0,0
"202112","부산동래",4377,2342,1237,798,0,38,837,2811,328,363,74,17,0,2,36,106,4142,496,566,559,671,728,752,605,0,0
"202112","거제",3307,1670,935,702,0,55,492,1710,532,518,56,19,1,11,37,103,3080,340,382,399,563,571,602,450,0,0
"202112","서울서부",3268,1685,1019,564,0,49,751,1876,269,323,81,20,0,2,35,76,3054,368,411,440,516,560,517,456,3145893,292940
"202112","시흥",8189,4490,2203,1496,0,113,2236,4467,641,732,166,55,0,25,86,297,7560,1034,943,929,1199,1320,1405,1359,0,0
"202112","경기남부청",621,353,178,90,0,69,384,144,24,0,3,10,0,0,71,1,536,53,72,82,88,121,109,96,0,0
"202112","부산진",9240,4994,2520,1726,0,90,1700,6025,549,876,102,65,1,19,60,359,8634,1079,1099,1148,1424,1495,1527,1468,0,0
"202112","인천청",210,117,70,23,0,13,141,49,7,0,1,1,0,1,19,2,186,23,23,34,30,27,42,31,0,0
"202112","부산청",241,101,66,74,0,10,124,68,39,0,0,0,0,3,57,1,180,33,18,41,43,27,45,34,0,0
"202112","아산",4895,2514,1273,1108,0,24,888,2654,542,787,95,32,0,10,53,146,4559,580,591,617,773,777,909,648,0,0
"202112","평택",11170,6527,2963,1680,0,96,2985,6148,958,983,309,115,2,25,75,404,10240,1437,1328,1357,1682,1801,1896,1669,0,0
"202112","고창",845,394,266,185,0,5,189,466,91,94,15,0,1,1,3,24,801,102,118,118,146,136,138,87,0,0
"202112","인천논현",4507,2407,1245,855,0,59,964,2703,428,353,102,18,0,12,32,119,4224,434,497,541,674,744,807,810,0,0
"202112","평창",544,257,118,169,0,4,128,278,46,88,7,1,0,6,6,13,511,55,50,78,84,83,101,93,0,0
"202112","부산금정",3809,2026,1103,680,0,47,658,2440,236,428,18,6,0,1,29,84,3671,461,477,557,633,533,637,511,0,0
"202112","수원서부",6821,3736,2097,988,0,60,1573,3311,763,1114,139,43,0,16,53,258,6312,935,842,808,1005,1084,1156,991,0,0
"202112","대구청",128,68,34,26,0,4,55,51,18,0,0,0,0,0,20,1,107,15,16,31,21,17,12,16,0,0
"202112","대구성서",5309,2737,1435,1137,0,42,1022,3082,371,792,80,58,0,4,39,162,4966,597,701,700,792,874,922,723,0,0
"202112","전주완산",6559,3460,1868,1231,0,25,1061,3699,906,868,66,21,0,7,49,235,6181,751,802,854,1054,1004,1171,923,0,0
"202112","서울광진",6956,3579,2073,1304,0,132,1757,3884,569,614,99,47,0,17,65,264,6464,925,897,795,1128,1058,1171,982,3066952,346546
"202112","일산서부",3554,1883,1133,538,0,52,1030,1757,417,298,111,30,0,4,35,97,3277,440,455,419,490,577,680,493,0,0
"202112","오산",4298,2348,1155,795,0,47,1075,2270,300,606,82,44,0,13,43,132,3984,544,503,523,703,717,720,588,0,0
"202112","제주서부",3534,1897,1074,563,0,16,648,2170,253,447,100,23,0,10,47,150,3204,458,379,427,592,565,620,493,0,0
"202112","경북청",193,95,62,36,0,1,129,51,12,0,1,2,0,0,25,1,164,17,20,34,43,31,22,26,0,0
"202112","합천",623,360,138,125,0,3,42,309,197,72,4,0,0,2,0,12,605,69,80,70,94,98,125,87,0,0
"202112","서울영등포",10202,5440,2622,2140,0,178,2473,5317,939,1295,93,21,0,33,116,364,9575,1129,1296,1282,1567,1680,1817,1431,3548012,1103293
"202112","대구동부",6684,3334,1912,1438,0,39,1279,3828,547,991,167,41,1,8,44,167,6256,752,856,842,1143,1082,1160,849,0,0
"202112","사천",1746,903,487,356,0,28,301,880,206,331,32,6,0,2,17,47,1642,205,201,257,343,273,232,235,0,0
"202112","경남청",225,113,58,54,0,21,124,65,15,0,2,2,0,0,37,0,184,31,29,35,35,23,34,38,0,0
"202112","과천",887,467,217,203,0,22,215,453,67,130,10,1,0,2,12,18,844,82,96,111,153,179,159,107,0,0
"202112","울릉",98,49,15,34,0,0,14,41,22,21,0,0,0,0,0,3,95,13,12,8,18,13,17,17,0,0
"202112","공주",2056,832,547,677,0,5,327,898,207,619,26,10,0,1,31,33,1955,221,288,239,352,293,338,325,0,0
"202112","영양",130,71,38,21,0,0,21,60,21,28,7,0,0,0,0,3,120,9,17,20,22,29,23,10,0,0
"202112","대전청",111,55,31,25,0,1,71,28,11,0,0,1,0,0,18,0,92,11,4,18,16,19,22,21,0,0
"202112","부천원미",9656,5034,2592,2030,0,73,2072,5636,603,1272,164,60,0,30,59,294,9049,1172,1124,1180,1429,1554,1642,1555,0,0
"202112","대구서부",3996,2123,1206,667,0,18,756,2529,256,437,95,34,0,4,13,149,3701,458,564,510,644,623,665,532,0,0
"202112","양산",4896,2604,1462,830,0,59,711,2621,871,634,107,30,0,5,48,164,4542,539,553,623,788,790,873,730,0,0
"202112","서산",2467,1384,678,405,0,15,421,1429,314,288,67,7,0,4,35,77,2277,300,308,311,407,371,434,336,0,0
"202112","서울방배",2465,1312,670,483,0,44,608,1296,189,328,35,5,0,9,34,49,2333,240,327,316,410,367,448,357,4451779,135561
"202112","서울용산",7894,3079,1556,3259,0,107,1385,3216,495,2691,59,28,0,12,64,231,7500,975,965,964,1181,1292,1243,1274,3783427,558137
"202112","인제",342,186,88,68,0,4,75,195,27,41,5,2,0,0,3,7,325,39,38,38,48,68,68,43,0,0
"202112","진도",401,223,100,78,0,6,133,190,35,37,5,0,0,0,8,17,371,57,59,37,58,82,66,42,0,0
"202112","대구남부",3655,1850,1097,708,0,19,737,2247,236,416,69,34,0,9,28,112,3403,390,538,485,569,609,611,453,0,0
"202112","서울동대문",7039,3740,1991,1308,0,91,1710,3996,541,701,118,28,1,23,64,240,6565,823,871,888,1135,1130,1225,967,3011303,373552
"202112","완주",1751,860,377,514,0,13,275,784,283,396,29,0,0,2,6,40,1674,215,189,229,308,270,315,225,0,0
"202112","청양",371,188,93,90,0,4,81,204,41,41,6,0,0,0,3,9,353,44,48,55,62,52,65,45,0,0
"202112","인천계양",5398,2794,1627,977,0,63,1100,3295,442,498,108,31,0,3,55,190,5011,640,641,683,877,809,922,826,0,0
"202112","서울동작",6199,3115,1907,1177,0,116,1651,3199,612,621,91,26,0,16,87,171,5808,734,804,775,971,1110,995,810,3436506,495828
"202112","춘천",5409,2417,1409,1583,0,21,848,2795,520,1225,99,23,0,5,46,154,5082,622,649,724,938,881,896,699,0,0
"202112","인천미추홀",10808,5759,3135,1914,0,80,2190,6670,973,895,213,105,2,19,92,349,10028,1274,1353,1472,1696,1633,1718,1662,0,0
"202112","안동",2780,1459,686,635,0,1,417,1568,365,429,48,4,0,5,13,119,2591,336,369,396,436,395,468,380,0,0
"202112","화성동탄",5007,2730,1374,903,0,33,1434,2437,484,619,132,33,0,10,53,180,4599,497,612,628,815,842,854,759,0,0
"202112","충남청",145,72,46,27,0,6,94,35,10,0,1,1,0,1,22,1,119,22,23,27,17,21,14,21,0,0
"202112","서울성동",5708,3202,1454,1052,0,80,1439,3207,453,529,56,18,0,15,48,118,5453,593,642,701,1024,964,993,791,3535332,394954
"202112","포항남부",3094,1655,924,515,0,4,437,1803,558,292,68,16,2,7,12,128,2861,390,370,359,446,567,511,451,0,0
"202112","안양동안",4736,2536,1324,876,0,32,1032,2386,506,780,76,23,0,7,39,131,4460,512,600,623,785,731,826,659,0,0
"202112","전북청",62,30,19,13,0,0,41,18,3,0,0,0,0,0,8,0,54,13,5,6,8,10,10,10,0,0
"202112","천안서북",6869,3636,1999,1234,0,31,1139,3956,948,795,146,97,2,13,88,228,6295,826,893,874,1046,1126,1165,939,0,0
"202112","여수",5174,2884,1435,855,0,18,1257,2769,722,408,124,48,0,1,32,208,4761,579,650,661,793,838,905,748,0,0
"202112","강진",478,236,135,107,0,5,151,238,51,33,13,1,0,0,2,26,436,56,75,56,83,81,80,47,0,0
"202112","김해중부",5105,2681,1571,853,0,86,810,2704,849,656,110,18,0,4,42,176,4755,599,638,563,804,844,900,757,0,0
"202112","고령",152,86,26,40,0,0,38,90,11,13,3,0,0,0,1,6,142,12,15,22,34,15,30,24,0,0
"202112","부산북부",4232,2237,1182,813,0,48,871,2638,257,418,67,6,0,5,47,126,3981,509,504,530,665,722,719,583,0,0
"202112","영암",928,517,196,215,0,4,259,473,111,81,16,2,0,4,7,26,873,110,88,119,159,186,157,109,0,0
"202112","강원도고성",492,252,122,118,0,2,110,275,45,60,7,2,0,3,9,18,453,77,52,52,58,69,89,95,0,0
"202112","서울구로",7535,4001,2038,1496,0,119,1866,4057,675,818,125,35,0,23,57,309,6986,857,879,940,1270,1181,1419,989,2890323,478336
"202112","보성",575,230,120,225,0,6,151,217,62,139,9,2,0,1,0,10,553,61,76,64,88,98,105,83,0,0
"202112","김천",1953,915,504,534,0,5,309,1031,194,414,34,3,0,1,9,73,1833,201,257,251,307,321,307,309,0,0
"202112","밀양",1621,761,534,326,0,18,293,859,201,250,26,2,0,2,16,53,1522,182,222,205,267,273,264,208,0,0
"202112","영동",442,238,98,106,0,1,105,257,24,55,13,0,0,0,3,21,405,50,48,65,79,75,60,65,0,0
"202112","양주",2982,1692,772,518,0,41,825,1415,430,271,43,8,0,5,39,64,2823,331,372,380,375,505,560,459,0,0
"202112","울산울주",3156,1448,787,921,0,30,660,1442,142,882,50,2,0,10,43,95,2956,367,347,391,475,599,529,448,0,0
"202112","전남청",133,57,38,38,0,1,86,43,3,0,0,1,0,0,34,1,97,28,14,19,23,15,24,10,0,0
"202112","고흥",939,540,236,163,0,4,215,479,153,88,16,4,0,0,1,28,890,89,144,124,128,163,152,139,0,0
"202112","전주덕진",5146,2821,1496,829,0,34,822,2899,748,643,63,9,0,12,31,158,4873,557,659,625,883,833,937,652,0,0
"202112","서울남대문",2814,1559,733,522,0,27,539,1589,355,304,5,4,0,5,38,82,2680,289,332,363,387,467,544,432,4346515,53559
"202112","광주청",90,46,29,15,0,1,59,24,6,0,0,0,0,1,6,1,82,15,8,9,18,17,11,12,0,0
"202112","원주",5781,2891,1692,1198,0,39,1148,3303,484,807,163,42,0,12,65,220,5279,668,789,676,902,954,978,814,0,0
"202112","순창",218,103,49,66,0,1,71,105,18,23,4,0,0,0,3,3,208,31,29,17,30,31,49,31,0,0
"202112","청주흥덕",5013,2658,1408,947,0,8,962,2994,364,685,91,40,0,6,49,200,4627,574,601,636,823,802,825,752,0,0
"202112","부산영도",2107,1096,604,407,0,21,381,1278,103,324,44,10,0,1,18,78,1956,273,264,278,314,345,334,299,0,0
"202112","마산동부",3592,1984,1146,462,0,47,470,1816,810,449,53,14,0,1,16,136,3372,411,452,437,591,582,661,458,0,0
"202112","인천부평",5857,2676,1592,1589,0,49,1108,3143,401,1156,109,22,0,15,51,188,5472,765,713,740,922,882,994,841,0,0
"202112","고양",6776,3745,1995,1036,0,83,1928,3174,877,714,207,25,1,4,54,233,6252,705,790,854,1056,1199,1186,986,0,0
"202112","파주",7696,4248,2321,1127,0,77,2353,3574,1031,661,214,37,0,14,67,250,7114,879,919,1016,1276,1249,1301,1056,0,0
"202112","서울종로",3470,1893,950,627,0,56,672,2008,314,420,21,13,0,9,44,137,3246,312,448,464,586,605,598,457,3864182,584315
"202112","부산중부",2014,1109,595,310,0,6,271,1445,120,172,9,4,0,0,12,85,1904,246,288,242,282,282,305,369,0,0
"202112","동두천",1959,1019,605,335,0,23,693,961,126,156,48,10,0,4,27,112,1758,247,229,238,324,285,346,290,0,0
"202112","금산",728,348,230,150,0,4,132,448,74,70,13,6,0,1,6,25,677,73,87,104,106,137,125,96,0,0
"202112","경기북부청",221,116,73,32,0,20,145,47,9,0,1,1,0,1,22,1,195,30,36,24,35,28,45,23,0,0
"202112","서울서대문",5646,2858,1640,1148,0,93,1343,3021,557,632,118,28,0,12,54,144,5290,605,667,729,875,1030,937,803,3943923,511110
"202112","봉화",320,135,68,117,0,0,73,148,33,66,1,0,0,0,0,4,315,34,43,47,45,40,74,37,0,0
"202112","함양",405,194,110,101,0,4,78,191,73,59,2,0,0,1,1,10,391,40,47,63,79,58,66,52,0,0
"202112","서울은평",3803,1811,1243,749,0,49,977,2070,338,369,102,21,0,9,46,112,3513,435,471,486,603,558,702,548,2822178,283757
"202112","서울종암",2964,1554,883,527,0,52,769,1595,239,309,75,11,0,7,33,91,2747,351,362,375,475,476,502,423,3107409,224019
"202112","서울강동",7252,3672,2103,1477,0,148,1811,3923,600,770,163,41,0,26,88,217,6717,846,900,850,1124,1222,1190,1120,3336210,494875
"202112","서울중부",3741,2052,962,727,0,63,871,2147,325,335,43,21,0,10,40,119,3508,373,490,391,633,663,662,529,3473932,330261
"202112","남원",1426,702,397,327,0,8,280,725,171,242,17,5,0,0,4,49,1351,163,204,198,240,233,240,148,0,0
"202112","영천",994,484,263,247,0,3,170,513,153,155,18,11,0,0,9,21,935,125,123,135,134,176,181,120,0,0
"202112","괴산",916,453,251,212,0,1,220,523,53,119,27,2,0,0,2,23,862,94,104,122,134,140,188,134,0,0
"202112","의왕",1863,1035,513,315,0,24,516,967,162,194,43,7,1,0,14,47,1751,230,246,216,319,277,305,270,0,0
"202112","서울서초",8907,4161,2168,2578,0,125,1957,4450,665,1710,106,28,0,21,57,226,8469,889,1061,1141,1371,1466,1729,1250,4862372,423880
"202112","부산연제",4826,2582,1395,849,0,35,979,2968,360,484,66,29,0,6,32,146,4547,543,586,630,759,847,848,613,0,0
"202112","안양만안",4957,2631,1526,800,0,28,979,2579,515,856,77,26,0,5,31,127,4691,617,614,648,782,846,785,665,0,0
"202112","부산사상",4550,2464,1157,929,0,68,857,2692,250,683,90,32,0,9,32,154,4233,519,565,575,743,695,787,666,0,0
"202112","경찰청",809,338,195,276,0,46,602,116,45,0,4,2,0,1,116,1,685,103,95,111,120,135,134,111,0,0
"202112","문경",885,438,242,205,0,1,178,469,109,128,19,4,0,1,4,26,831,114,135,96,126,145,161,108,0,0
"202112","교통과",1300,999,165,136,0,82,445,702,63,8,0,0,0,0,8,5,1287,168,187,139,172,243,210,181,0,0
"202112","홍성",1387,724,403,260,0,5,229,779,184,190,47,7,0,2,13,38,1280,146,166,203,221,224,227,200,0,0
"202112","서울도봉",4690,2326,1471,893,0,71,1233,2512,448,426,139,34,0,6,71,156,4284,595,547,562,807,784,769,626,2713315,325263
"202112","연천",747,426,169,152,0,11,214,353,73,96,20,0,0,0,6,18,703,70,93,129,127,98,121,109,0,0
"202112","장흥",501,229,151,121,0,4,161,244,62,30,8,3,0,0,4,20,466,57,67,54,107,86,75,55,0,0
"202112","청주청원",3637,1990,890,757,0,5,719,2156,257,500,64,21,0,18,40,170,3324,483,456,426,558,597,604,513,0,0
"202112","목포",6216,3463,1654,1099,0,24,1385,3312,986,509,117,51,0,10,27,230,5781,681,760,801,1003,1049,988,934,0,0
"202112","상주",1321,634,351,336,0,3,226,701,127,264,30,0,0,0,2,41,1248,145,158,141,237,194,251,195,0,0
"202112","함안",716,345,207,164,0,12,138,355,120,91,10,0,0,0,9,28,669,88,82,112,118,95,130,91,0,0
"202112","대전중부",3767,1913,1182,672,0,4,535,2264,347,617,61,30,0,15,40,146,3475,463,469,449,611,529,621,625,0,0
"202112","마산중부",2742,1517,802,423,0,51,384,1397,407,503,61,5,0,1,19,102,2554,333,349,350,422,444,467,377,0,0
"202112","남해",441,219,125,97,0,13,82,214,64,68,5,0,0,1,5,7,423,36,60,68,62,47,90,78,0,0
"202112","천안동남",4550,2337,1303,910,0,20,772,2479,619,660,85,13,0,10,67,115,4260,548,630,616,744,649,762,601,0,0
"202112","속초",2698,1213,676,809,0,16,420,1426,229,607,40,13,0,9,21,100,2515,353,312,274,380,365,471,543,0,0
"202112","인천삼산",5165,2690,1548,927,0,54,1116,3066,424,505,153,47,0,16,60,202,4687,616,699,614,791,808,854,783,0,0
"202112","서울성북",3841,2009,1124,708,0,77,907,2045,381,431,63,12,0,10,41,94,3621,436,450,540,605,642,626,542,3256154,825948
"202112","하남",3965,2083,1114,768,0,64,1174,2166,282,279,103,37,0,14,44,123,3644,498,467,466,622,632,699,581,0,0
"202112","부산동부",2703,1530,782,391,0,18,438,1832,180,235,37,7,0,3,8,99,2549,316,298,334,445,456,497,357,0,0
"202112","광명",4881,2587,1420,874,0,49,1260,2656,442,474,103,31,0,7,24,158,4558,505,593,663,808,816,842,654,0,0
"202112","제천",1670,834,455,381,0,1,336,976,86,271,32,14,0,1,18,66,1539,216,209,176,293,252,287,237,0,0
"202112","분당",7245,3400,2042,1803,0,52,1815,3633,606,1139,112,27,0,10,60,191,6845,708,861,1012,1173,1238,1246,1007,0,0
"202112","창원서부",3334,1777,1007,550,0,51,438,1684,467,694,59,14,0,6,19,117,3119,363,420,446,538,528,604,435,0,0
"202112","대구수성",6648,3360,1953,1335,0,54,1268,4045,498,783,99,53,1,13,58,133,6291,659,843,825,1145,1172,1150,854,0,0
"202112","제주청",39,17,12,10,0,0,26,11,2,0,0,0,0,0,6,0,33,4,6,3,4,4,11,7,0,0
"202112","인천서부",9657,4969,2931,1757,0,89,2000,5870,844,854,226,63,0,26,95,272,8975,1058,1155,1232,1578,1563,1641,1430,0,0
"202112","대구북부",3778,1978,944,856,0,26,725,2251,251,525,81,28,0,10,23,95,3541,382,512,509,621,646,640,468,0,0
"202112","수원중부",7147,3610,2115,1422,0,73,1741,3430,953,950,202,54,0,23,56,183,6629,806,855,978,1114,1151,1219,1024,0,0
"202112","대전유성",4263,2047,1226,990,0,10,588,2408,429,828,60,11,0,3,62,128,3999,492,465,577,702,734,725,568,0,0
"202112","충주",2715,1359,790,566,0,3,535,1555,179,443,56,9,0,0,32,95,2523,370,320,326,434,444,465,356,0,0
"202112","서귀포",1131,623,334,174,0,5,242,616,162,106,21,10,0,2,11,27,1060,158,145,167,188,160,157,156,0,0
"202112","진주",5378,2796,1622,960,0,81,790,3130,680,697,100,15,0,6,50,166,5041,666,688,662,843,859,901,759,0,0
"202112","대전대덕",3055,1606,831,618,0,7,450,1841,248,509,57,7,0,3,39,88,2861,312,392,399,441,552,525,434,0,0
"202112","경산",4949,2358,1423,1168,0,5,741,2993,435,775,90,33,0,4,31,153,4638,538,639,642,768,837,903,622,0,0
"202112","인천남동",6601,3287,2176,1138,0,48,1249,3953,689,662,147,70,2,21,40,242,6079,709,783,764,1074,1040,1126,1105,0,0
"202112","부안",813,395,235,183,0,2,139,444,114,114,4,2,0,1,5,18,783,86,108,93,144,120,152,110,0,0
"202112","의정부",9297,5040,2631,1626,0,87,2538,4899,697,1076,201,86,1,15,59,296,8639,1150,1127,1115,1451,1439,1577,1438,0,0
"202112","거창",742,361,213,168,0,11,144,413,95,79,14,0,0,0,2,23,703,85,94,91,126,135,118,93,0,0
"202112","보령",1879,1021,511,347,0,10,171,1167,275,256,36,6,0,1,19,62,1755,229,209,240,286,281,335,299,0,0
"202112","경주",4032,2112,1120,800,0,5,692,2279,615,441,86,17,0,4,33,108,3784,502,478,509,654,609,689,591,0,0
"202112","강원청",147,72,56,19,0,6,113,23,5,0,0,0,0,0,27,1,119,23,21,17,24,15,19,28,0,0
"202112","영덕",535,244,120,171,0,1,127,267,43,97,11,1,0,0,4,14,505,59,64,61,76,82,99,94,0,0
"202112","대전둔산",4249,2155,1199,895,0,13,637,2398,473,728,78,44,0,7,48,185,3887,511,528,522,644,726,751,567,0,0
"202112","서울관악",9305,4806,2544,1955,0,164,2379,4877,907,978,191,81,0,29,136,328,8540,1178,1067,1150,1481,1545,1516,1368,2782525,494375
"202112","성남수정",7176,3364,1921,1891,0,48,1404,2927,900,1897,139,45,0,13,38,175,6766,840,988,924,1131,1144,1083,1066,0,0
"202112","광주북부",7536,4072,2162,1302,0,15,1299,4669,503,1050,136,32,0,15,88,206,7059,883,976,1015,1146,1243,1246,1027,0,0
"202112","울산동부",2423,1229,631,563,0,19,550,1239,201,414,58,11,0,3,34,83,2234,295,269,270,428,436,384,341,0,0
"202112","대전동부",4205,2075,1219,911,0,10,578,2417,340,860,62,37,0,7,51,157,3891,466,511,510,631,617,850,620,0,0
"202112","옥천",508,262,140,106,0,0,115,288,29,76,8,0,0,1,3,10,486,66,64,63,92,99,66,58,0,0
"202112","완도",623,319,166,138,0,2,165,322,86,48,11,1,0,0,4,29,578,69,75,90,95,107,100,87,0,0
"202112","대구강북",3353,1630,1003,720,0,23,824,1899,287,320,95,16,0,11,21,95,3115,386,427,379,554,501,632,474,0,0
"202112","태안",1094,596,302,196,0,5,225,574,174,116,24,3,0,2,18,37,1010,130,135,165,172,151,199,142,0,0
"202112","안산단원",7874,4345,2145,1384,0,62,1782,4156,1001,873,200,47,0,17,49,272,7289,1016,959,937,1167,1215,1337,1243,0,0
"202112","수원남부",8715,4691,2392,1632,0,71,2188,4368,1102,986,162,73,0,23,73,249,8135,1106,1029,1018,1371,1321,1484,1386,0,0
"202112","익산",4951,2475,1272,1204,0,37,797,2524,673,920,64,12,0,3,29,147,4696,592,630,536,716,847,884,746,0,0
"202112","부산기장",2462,1364,683,415,0,42,548,1496,169,207,66,8,0,2,35,78,2273,288,315,361,413,362,380,343,0,0
"202112","영월",416,216,110,90,0,7,70,218,68,53,3,0,0,0,1,11,401,51,51,50,59,70,69,66,0,0
"202112","인천강화",1233,604,377,252,0,14,278,671,125,145,28,4,0,2,7,36,1156,118,149,140,193,178,208,247,0,0
"202112","대구달성",3464,1669,976,819,0,26,766,1848,314,510,112,11,0,8,30,56,3247,405,463,424,546,601,571,454,0,0
"202112","대구달서",4627,2282,1317,1028,0,26,960,2667,321,653,97,36,0,9,29,147,4309,478,596,581,777,738,823,634,0,0
"202112","순천",5800,2645,1806,1349,0,16,1108,2557,789,1330,96,13,0,9,38,179,5465,674,709,744,965,923,1014,771,0,0
"202112","부여",981,386,308,287,0,4,139,404,171,263,17,2,0,0,5,16,941,102,163,126,140,146,164,140,0,0
"202112","부천오정",3025,1546,949,530,0,32,773,1527,224,469,88,39,1,6,24,74,2793,369,383,381,471,472,511,438,0,0
"202112","서울강남",11321,5967,2689,2665,0,233,2235,6615,1194,1044,53,136,0,47,104,322,10659,1072,1347,1427,1780,1871,2095,1729,4837827,275858
"202112","무안",1381,692,390,299,0,9,318,621,228,205,20,2,1,2,14,31,1311,145,207,167,238,218,234,172,0,0
"202112","군위",187,92,31,64,0,2,51,79,29,26,4,0,0,0,2,0,181,20,25,34,29,29,33,17,0,0
"202112","임실",264,145,65,54,0,2,42,141,39,40,1,1,0,0,2,10,250,25,34,32,41,49,50,33,0,0
"202112","서울수서",7393,3544,2210,1639,0,118,1826,3992,593,864,132,29,0,22,67,150,6993,720,861,980,1183,1428,1399,822,4760187,492676
"202112","진안",227,96,51,80,0,0,42,109,34,42,3,0,0,0,0,2,222,28,26,25,38,30,37,43,0,0
"202112","서울혜화",2531,1362,684,485,0,29,563,1465,197,277,17,6,0,5,24,94,2385,299,338,287,384,385,470,368,3050888,236578
"202112","통영",2870,1412,753,705,0,21,330,1163,540,816,31,8,0,0,18,70,2743,365,342,403,466,452,458,384,0,0
"202112","강릉",4235,2082,1172,981,0,14,733,2214,520,754,86,18,0,11,49,118,3953,506,481,529,627,662,734,696,0,0
"202112","광주",5916,3095,1771,1050,0,59,1772,3111,540,434,196,28,0,8,57,162,5465,670,764,695,947,946,1083,811,0,0
"202112","서울송파",11251,5713,3205,2333,0,159,2965,6066,1011,1050,249,50,1,34,133,318,10466,1243,1379,1453,1752,1943,1951,1530,3969562,758474
"202112","의령",276,149,46,81,0,7,61,130,37,41,2,0,0,0,1,9,264,35,34,32,40,44,48,43,0,0
"202112","양평",1793,928,543,322,0,25,541,869,169,189,37,7,0,0,7,30,1712,214,198,209,256,315,375,226,0,0
"202112","청송",262,114,71,77,0,3,56,124,32,47,9,0,0,0,0,4,249,20,36,43,43,51,51,18,0,0
"202112","영광",799,418,187,194,0,2,186,338,70,203,11,0,0,2,4,31,751,92,96,106,120,131,143,111,0,0
"202112","대전서부",4597,2122,1537,938,0,14,651,2420,505,1007,145,80,0,7,62,139,4164,608,577,549,786,697,780,600,0,0
"202112","포천",3200,1759,901,540,0,38,960,1527,186,489,57,7,0,6,20,89,3021,381,357,415,495,525,580,447,0,0
"202112","광주동부",2651,1302,821,528,0,10,460,1614,173,394,25,5,0,8,28,68,2517,312,394,316,382,411,412,424,0,0
"202112","당진",2530,1187,646,697,0,12,418,1191,278,631,56,22,0,4,26,53,2369,332,305,282,396,417,380,418,0,0
"202112","울진",596,278,164,154,0,0,116,343,78,59,6,1,0,0,2,16,571,66,71,80,92,114,96,77,0,0
"202112","부산서부",2039,1062,585,392,0,18,416,1300,104,201,20,4,0,1,12,46,1956,251,235,260,315,408,305,265,0,0
"202112","해남",1079,612,255,212,0,5,301,558,108,107,24,0,0,0,8,37,1010,129,121,154,178,183,159,155,0,0
"202112","부산강서",2271,1364,538,369,0,46,466,1300,216,243,46,19,0,2,20,63,2121,204,246,339,374,361,424,323,0,0
"202112","구례",294,127,95,72,0,1,84,143,25,41,11,0,0,0,5,12,266,44,27,37,47,54,36,49,0,0
"202112","음성",1652,891,386,375,0,2,347,932,136,235,46,3,0,3,13,68,1519,198,194,195,252,264,300,249,0,0
"202112","서울강북",6452,3426,1918,1108,0,85,1570,3587,508,702,142,47,0,11,56,256,5940,839,780,759,987,1065,1038,984,2599556,209798
"202112","성남중원",5327,3058,1502,767,0,54,1187,3147,458,481,107,41,0,14,54,241,4870,606,684,620,823,798,1001,795,0,0
"202112","제주동부",5086,2726,1575,785,0,28,688,2917,327,1126,87,33,1,7,51,192,4715,641,610,630,804,811,892,698,0,0
"202112","구미",5609,2928,1534,1147,0,9,928,3568,412,692,142,39,0,6,49,200,5173,646,619,676,928,866,1007,867,0,0
"202112","보은",293,135,95,63,0,2,72,161,15,43,3,0,0,0,3,6,281,25,30,52,38,57,51,40,0,0
"202112","부천소사",4106,1952,1415,739,0,38,909,2104,357,698,137,11,1,9,21,99,3828,566,487,452,659,629,686,627,0,0
"202112","담양",638,375,136,127,0,3,155,312,74,94,18,0,0,0,4,17,599,90,81,70,83,125,82,107,0,0
"202112","창원중부",4166,2255,1208,703,0,57,499,2361,800,449,45,22,0,6,43,145,3905,496,492,543,647,663,700,625,0,0
"202112","진해",2643,1409,841,393,0,35,391,1402,334,481,39,10,0,0,19,84,2491,326,294,326,411,400,485,401,0,0
"202112","횡성",604,288,173,143,0,4,114,337,56,93,14,3,0,2,0,24,561,75,84,83,87,93,120,62,0,0
"202112","홍천",1023,493,250,280,0,3,207,558,94,161,29,0,0,3,5,42,944,104,166,123,160,159,170,141,0,0
"202112","광주남부",3272,1671,978,623,0,6,587,1947,275,457,70,4,0,5,41,98,3054,361,390,420,556,547,536,462,0,0
"202112","예산",1056,548,257,251,0,6,215,594,98,143,23,2,0,4,10,32,985,128,136,129,158,196,179,130,0,0
"202112","화성서부",5973,3170,1668,1135,0,65,1625,2804,501,978,133,39,0,12,38,187,5564,699,655,719,1013,955,1124,808,0,0
"202112","광주광산",7247,3729,2082,1436,0,11,1347,4476,381,1032,120,28,0,9,51,225,6814,819,974,934,1178,1119,1265,958,0,0
"202112","나주",1741,906,446,389,0,6,458,864,181,232,41,6,0,2,9,53,1630,205,199,215,289,295,301,237,0,0
"202112","성주",490,222,147,121,0,2,106,298,32,52,15,0,0,0,6,15,454,52,72,56,88,84,89,49,0,0
"202112","김제",2178,883,308,987,0,4,334,732,147,961,9,3,0,1,11,48,2106,238,219,275,518,406,287,235,0,0
"202112","산청",405,229,106,70,0,15,72,217,75,26,4,0,0,0,1,10,390,35,57,63,63,52,79,56,0,0
"202112","울산중부",3078,1556,935,587,0,29,643,1736,208,462,71,21,0,1,43,108,2834,398,373,359,493,480,564,411,0,0
"202112","서울강서",10506,5398,3092,2016,0,135,2500,5760,942,1169,169,83,0,26,107,286,9835,1204,1291,1258,1735,1656,1799,1563,3165221,1028629
"202112","인천연수",6596,3396,1971,1229,0,42,1281,4101,634,538,146,36,0,10,65,167,6172,791,809,818,1107,1086,1035,950,0,0
"202112","군포",3966,2112,1189,665,0,45,871,1957,378,715,89,18,1,12,32,104,3710,470,509,519,614,648,612,594,0,0
"202112","용인동부",8561,4578,2304,1679,0,83,2544,4145,807,982,234,44,0,14,79,225,7965,936,1098,1099,1293,1365,1505,1265,0,0
"202112","김포",8060,4061,2259,1740,0,114,2145,3960,600,1241,259,45,0,32,70,189,7465,924,1073,1003,1267,1334,1396,1063,0,0
"202112","태백",671,373,195,103,0,6,88,396,107,74,15,2,0,1,7,16,630,94,71,68,99,112,129,98,0,0
"202112","광양",2400,1252,698,450,0,12,664,1178,313,233,55,14,0,2,26,83,2220,291,308,311,384,405,398,303,0,0
"202112","철원",486,239,150,97,0,12,99,276,50,49,15,0,0,2,1,13,455,46,59,71,94,94,65,57,0,0
"202112","함평",328,177,56,95,0,1,91,153,24,59,2,0,0,0,5,10,311,38,40,48,49,53,58,42,0,0
"202112","서울청",674,358,211,105,0,76,416,152,30,0,1,7,0,3,66,8,589,78,76,82,114,106,100,118,0,0
"202112","군산",3029,1636,863,530,0,19,521,1649,410,430,29,8,0,4,17,132,2839,349,370,356,437,529,552,436,0,0
"202112","광주서부",6153,3315,1652,1186,0,16,1073,3828,477,759,78,39,0,8,60,178,5790,778,757,791,864,963,1091,909,0,0
"202112","화순",1054,520,330,204,0,2,258,527,106,161,9,4,1,0,5,32,1003,103,155,111,109,157,287,132,0,0
"202112","경비교통과",689,477,80,132,0,1,413,254,20,1,0,1,0,1,2,2,683,96,80,94,89,94,141,95,0,0
"202112","부산남부",6907,3726,1983,1198,0,90,1291,4370,477,679,95,33,0,8,55,217,6499,850,793,828,1086,1108,1204,1038,0,0
"202112","창녕",870,361,217,292,0,18,139,366,117,230,11,0,0,1,6,27,825,96,97,112,142,147,164,112,0,0
"202112","대구중부",3560,1918,933,709,0,17,663,2264,265,351,17,17,0,15,27,164,3320,463,397,434,551,533,635,547,0,0
"202112","칠곡",1781,966,487,328,0,1,329,1070,168,213,34,4,0,1,28,55,1659,218,227,215,299,262,313,247,0,0
"202112","청주상당",4022,2129,1149,744,0,1,682,2456,251,632,104,19,0,4,28,185,3682,486,514,493,669,616,693,551,0,0
"202112","동해",1536,789,425,322,0,7,245,861,182,241,43,3,0,1,10,50,1429,144,184,179,233,341,250,205,0,0
"202112","이천",3903,2157,1066,680,0,53,1088,1866,317,579,94,33,1,19,41,109,3606,483,472,461,653,665,673,496,0,0
"202112","영주",1570,832,450,288,0,3,252,955,170,190,23,1,0,2,5,34,1505,180,204,231,243,233,273,206,0,0
"202112","서울중랑",7475,3826,2320,1329,0,106,1757,4124,585,903,158,54,0,14,76,256,6917,985,910,928,1187,1140,1280,1045,2560383,394574
"202112","울산남부",6501,3165,1695,1641,0,68,1355,3378,319,1381,85,35,0,12,82,212,6075,811,774,816,1124,942,1142,892,0,0
"202112","정선",695,362,177,156,0,10,118,342,118,107,14,2,0,6,3,30,640,84,114,87,100,101,133,76,0,0
"202112","정읍",1886,1024,515,347,0,4,357,1123,151,251,9,1,0,1,10,62,1803,230,252,253,363,248,320,220,0,0
"202112","서천",1084,429,260,395,0,8,115,549,60,352,13,0,0,0,5,18,1048,115,133,135,196,180,203,122,0,0
"202112","부산사하",5219,2709,1533,977,0,82,1091,3281,289,476,137,12,0,7,47,222,4794,571,603,693,864,833,935,720,0,0
"202112","논산",2130,1058,587,485,0,5,395,1152,248,330,35,9,0,7,28,64,1987,221,257,263,353,318,385,333,0,0
"202112","장성",434,237,91,106,0,5,135,221,28,45,7,0,0,1,1,4,421,42,66,49,61,75,80,61,0,0
"202112","김해서부",2820,1482,733,605,0,63,491,1447,467,352,73,9,0,1,21,120,2596,296,378,324,507,416,498,401,0,0
"202112","서울마포",9069,4728,2494,1847,0,192,2259,4985,746,887,116,39,0,28,110,299,8477,1094,1030,1093,1390,1410,1607,1445,4022976,978323
"202112","서울금천",5744,3139,1571,1034,0,91,1431,3105,500,617,120,30,0,13,56,180,5345,664,732,750,966,928,985,719,2567770,231850
"202112","포항북부",4177,2173,1184,820,0,4,687,2350,701,435,51,6,0,8,23,126,3963,486,530,534,597,698,744,588,0,0
